-- phpMyAdmin SQL Dump
-- version 5.2.1
-- https://www.phpmyadmin.net/
--
-- Host: 127.0.0.1
-- Generation Time: Apr 23, 2024 at 03:37 PM
-- Server version: 10.4.28-MariaDB
-- PHP Version: 8.2.4

SET FOREIGN_KEY_CHECKS=0;
SET SQL_MODE = "NO_AUTO_VALUE_ON_ZERO";
START TRANSACTION;
SET time_zone = "+00:00";


/*!40101 SET @OLD_CHARACTER_SET_CLIENT=@@CHARACTER_SET_CLIENT */;
/*!40101 SET @OLD_CHARACTER_SET_RESULTS=@@CHARACTER_SET_RESULTS */;
/*!40101 SET @OLD_COLLATION_CONNECTION=@@COLLATION_CONNECTION */;
/*!40101 SET NAMES utf8mb4 */;

--
-- Database: `btl_ltw_database`
--
CREATE DATABASE IF NOT EXISTS `btl_ltw_database` DEFAULT CHARACTER SET utf8mb4 COLLATE utf8mb4_general_ci;
USE `btl_ltw_database`;

DELIMITER $$
--
-- Procedures
--
DROP PROCEDURE IF EXISTS `Login`$$
CREATE DEFINER=`root`@`localhost` PROCEDURE `Login` (IN `p_email` VARCHAR(255), IN `p_pass` VARCHAR(255))   BEGIN
    DECLARE hashed_password varchar(255);

    SELECT `encoded_password` INTO hashed_password
    FROM `User`
    WHERE `email` = p_email;

    IF hashed_password IS NOT NULL AND hashed_password = SHA2(CONCAT(p_pass, 'fc45c92ac5ad37b42824ea724d2f8f32'), 256) THEN
        SELECT email, fullname, `role`, phone
        FROM `User`
        WHERE `email` = p_email;
    ELSE
        SELECT `email`
        FROM `User`
        LIMIT 0;
    END IF;
END$$

DROP PROCEDURE IF EXISTS `show_notification`$$
CREATE DEFINER=`root`@`localhost` PROCEDURE `show_notification` (IN `value` VARCHAR(255))   BEGIN
    SIGNAL SQLSTATE '45000'
    SET MESSAGE_TEXT = value;
END$$

DELIMITER ;

-- --------------------------------------------------------

--
-- Table structure for table `product`
--

DROP TABLE IF EXISTS `product`;
CREATE TABLE IF NOT EXISTS `product` (
  `PID` int(11) NOT NULL,
  `name` varchar(255) NOT NULL,
  `listed_unit_price` decimal(10,0) NOT NULL,
  `description` varchar(5000) NOT NULL,
  `size` char(20) NOT NULL,
  `quantity_on_hand` int(11) NOT NULL,
  `discount` decimal(10,0) NOT NULL,
  `no_of_reviews` int(11) DEFAULT 0,
  `average_rating` decimal(2,1) DEFAULT 0.0,
  PRIMARY KEY (`PID`,`size`) USING BTREE
) ENGINE=InnoDB DEFAULT CHARSET=utf8mb4 COLLATE=utf8mb4_general_ci;

--
-- RELATIONSHIPS FOR TABLE `product`:
--

--
-- Dumping data for table `product`
--

INSERT INTO `product` (`PID`, `name`, `listed_unit_price`, `description`, `size`, `quantity_on_hand`, `discount`, `no_of_reviews`, `average_rating`) VALUES
(1, 'Trung Nguyên Legend Classic', 5, 'From $5 for 2-3 days', 'large', 450, 0, 24, 3.6),
(1, 'Trung Nguyên Legend Classic', 5, 'From $5 for 2-3 days', 'medium', 300, 0, 24, 3.6),
(1, 'Trung Nguyên Legend Classic', 5, 'From $5 for 2-3 days', 'small', 150, 0, 24, 3.6),
(2, 'Legend Passion', 4, 'From $6 for 1-3 days', 'large', 400, 15, 19, 3.8),
(2, 'Legend Passion', 4, 'From $6 for 1-3 days', 'medium', 600, 15, 19, 3.8),
(2, 'Legend Passion', 4, 'From $6 for 1-3 days', 'small', 100, 15, 19, 3.8),
(3, 'Coffee Beans - Espresso Arabica and Robusta Beans ', 4, 'From $4 for 1-2 days', 'large', 400, 10, 21, 4.0),
(3, 'Coffee Beans - Espresso Arabica and Robusta Beans ', 4, 'From $4 for 1-2 days', 'medium', 400, 10, 21, 4.0),
(3, 'Coffee Beans - Espresso Arabica and Robusta Beans ', 4, 'From $4 for 1-2 days', 'small', 200, 10, 21, 4.0),
(5, 'Legend Special Edition 9', 5, 'From $2 for 3-4 days', 'large', 300, 10, 17, 3.6),
(5, 'Legend Special Edition 9', 5, 'From $2 for 3-4 days', 'medium', 200, 10, 17, 3.6),
(5, 'Legend Special Edition 9', 5, 'From $2 for 3-4 days', 'small', 100, 10, 17, 3.6),
(6, 'Legend Cappuccino Mocha 12', 4, 'From $6 for 1-3 days', 'large', 300, 5, 21, 3.8),
(6, 'Legend Cappuccino Mocha 12', 4, 'From $6 for 1-3 days', 'medium', 250, 5, 21, 3.8),
(6, 'Legend Cappuccino Mocha 12', 4, 'From $6 for 1-3 days', 'small', 200, 5, 21, 3.8),
(7, 'Legend Cappuccino Hazelnut', 5, 'From $3 for 1-3 days', 'large', 390, 20, 13, 3.8),
(7, 'Legend Cappuccino Hazelnut', 5, 'From $3 for 1-3 days', 'medium', 350, 20, 13, 3.8),
(7, 'Legend Cappuccino Hazelnut', 5, 'From $3 for 1-3 days', 'small', 300, 20, 13, 3.8),
(8, 'G7 2in1', 4, 'From $5 for 1-2 days', 'large', 150, 10, 18, 3.7),
(8, 'G7 2in1', 4, 'From $5 for 1-2 days', 'medium', 130, 10, 18, 3.7),
(8, 'G7 2in1', 4, 'From $5 for 1-2 days', 'small', 100, 10, 18, 3.7),
(9, 'Legend Special Edition 10', 5, 'From $4 for 3-4 days', 'large', 400, 10, 12, 4.2),
(9, 'Legend Special Edition 10', 5, 'From $4 for 3-4 days', 'medium', 200, 10, 12, 4.2),
(9, 'Legend Special Edition 10', 5, 'From $4 for 3-4 days', 'small', 200, 10, 12, 4.2),
(10, 'Mystic Mocha Almond', 3, 'From $3 for 1-3 days', 'large', 370, 15, 18, 3.6),
(10, 'Mystic Mocha Almond', 3, 'From $3 for 1-3 days', 'medium', 990, 15, 18, 3.6),
(10, 'Mystic Mocha Almond', 3, 'From $3 for 1-3 days', 'small', 653, 15, 18, 3.6),
(12, 'Aura Latte Caramel', 3, 'From $5 for 1-2 days', 'large', 962, 10, 14, 3.6),
(12, 'Aura Latte Caramel', 3, 'From $5 for 1-2 days', 'medium', 513, 10, 14, 3.6),
(12, 'Aura Latte Caramel', 3, 'From $5 for 1-2 days', 'small', 638, 10, 14, 3.6),
(13, 'Dreamer Macchiato Toffee', 3, 'From $6 for 3-5 days', 'large', 441, 10, 20, 3.9),
(13, 'Dreamer Macchiato Toffee', 3, 'From $6 for 3-5 days', 'medium', 341, 10, 20, 3.9),
(13, 'Dreamer Macchiato Toffee', 3, 'From $6 for 3-5 days', 'small', 529, 10, 20, 3.9),
(14, 'Whispered Cinnamon Swirl', 3, 'From $7 for 2-3 days', 'large', 834, 10, 20, 4.0),
(14, 'Whispered Cinnamon Swirl', 3, 'From $7 for 2-3 days', 'medium', 299, 10, 20, 4.0),
(14, 'Whispered Cinnamon Swirl', 3, 'From $7 for 2-3 days', 'small', 234, 10, 20, 4.0),
(15, 'Twilight Caramel Crunch', 4, 'From $8 for 1-4 days', 'large', 741, 0, 18, 3.9),
(15, 'Twilight Caramel Crunch', 4, 'From $8 for 1-4 days', 'medium', 877, 0, 18, 3.9),
(15, 'Twilight Caramel Crunch', 4, 'From $8 for 1-4 days', 'small', 717, 0, 18, 3.9),
(16, 'Secret Symphony Caramel', 2, 'From $9 for 2-5 days', 'large', 892, 10, 22, 3.9),
(16, 'Secret Symphony Caramel', 2, 'From $9 for 2-5 days', 'medium', 842, 10, 22, 3.9),
(16, 'Secret Symphony Caramel', 2, 'From $9 for 2-5 days', 'small', 500, 10, 22, 3.9),
(17, 'Essence Latte Hazelnut', 4, 'From $4 for 1-3 days', 'large', 602, 20, 16, 3.7),
(17, 'Essence Latte Hazelnut', 4, 'From $4 for 1-3 days', 'medium', 447, 20, 16, 3.7),
(17, 'Essence Latte Hazelnut', 4, 'From $4 for 1-3 days', 'small', 276, 20, 16, 3.7),
(18, 'Celestial Coconut Cream', 4, 'From $5 for 2-4 days', 'large', 213, 5, 14, 3.9),
(18, 'Celestial Coconut Cream', 4, 'From $5 for 2-4 days', 'medium', 655, 5, 14, 3.9),
(18, 'Celestial Coconut Cream', 4, 'From $5 for 2-4 days', 'small', 371, 5, 14, 3.9),
(19, 'Fantasy Froth Vanilla', 3, 'From $6 for 3-6 days', 'large', 818, 10, 23, 4.0),
(19, 'Fantasy Froth Vanilla', 3, 'From $6 for 3-6 days', 'medium', 353, 10, 23, 4.0),
(19, 'Fantasy Froth Vanilla', 3, 'From $6 for 3-6 days', 'small', 876, 10, 23, 4.0),
(20, 'Serenade Espresso Tiramisu', 3, 'From $7 for 1-2 days', 'large', 869, 10, 21, 4.0),
(20, 'Serenade Espresso Tiramisu', 3, 'From $7 for 1-2 days', 'medium', 871, 10, 21, 4.0),
(20, 'Serenade Espresso Tiramisu', 3, 'From $7 for 1-2 days', 'small', 434, 10, 21, 4.0),
(22, 'Enchanted Espresso Caramel', 4, 'From $9 for 3-5 days', 'large', 424, 10, 17, 3.7),
(22, 'Enchanted Espresso Caramel', 4, 'From $9 for 3-5 days', 'medium', 272, 10, 17, 3.7),
(22, 'Enchanted Espresso Caramel', 4, 'From $9 for 3-5 days', 'small', 411, 10, 17, 3.7),
(23, 'Mirage Mocha Macadamia', 5, 'From $5 for 1-4 days', 'large', 738, 5, 16, 4.3),
(23, 'Mirage Mocha Macadamia', 5, 'From $5 for 1-4 days', 'medium', 208, 5, 16, 4.3),
(23, 'Mirage Mocha Macadamia', 5, 'From $5 for 1-4 days', 'small', 845, 5, 16, 4.3),
(24, 'Mystic Morning Maple', 5, 'From $6 for 2-5 days', 'large', 670, 0, 22, 3.9),
(24, 'Mystic Morning Maple', 5, 'From $6 for 2-5 days', 'medium', 666, 0, 22, 3.9),
(24, 'Mystic Morning Maple', 5, 'From $6 for 2-5 days', 'small', 726, 0, 22, 3.9),
(25, 'Whispered White Chocolate Mocha', 4, 'From $7 for 1-3 days', 'large', 981, 15, 13, 3.7),
(25, 'Whispered White Chocolate Mocha', 4, 'From $7 for 1-3 days', 'medium', 439, 15, 13, 3.7),
(25, 'Whispered White Chocolate Mocha', 4, 'From $7 for 1-3 days', 'small', 336, 15, 13, 3.7),
(26, 'Dreamer Delight Caramel', 4, 'From $8 for 2-4 days', 'large', 754, 15, 13, 3.7),
(26, 'Dreamer Delight Caramel', 4, 'From $8 for 2-4 days', 'medium', 896, 15, 13, 3.7),
(26, 'Dreamer Delight Caramel', 4, 'From $8 for 2-4 days', 'small', 201, 15, 13, 3.7),
(27, 'Moonlit Maple Latte', 2, 'From $9 for 3-6 days', 'large', 650, 20, 15, 3.8),
(27, 'Moonlit Maple Latte', 2, 'From $9 for 3-6 days', 'medium', 948, 20, 15, 3.8),
(27, 'Moonlit Maple Latte', 2, 'From $9 for 3-6 days', 'small', 443, 20, 15, 3.8),
(28, 'Mirage Mocha Cinnamon', 2, 'From $10 for 1-2 days', 'large', 202, 20, 22, 3.7),
(28, 'Mirage Mocha Cinnamon', 2, 'From $10 for 1-2 days', 'medium', 906, 20, 22, 3.7),
(28, 'Mirage Mocha Cinnamon', 2, 'From $10 for 1-2 days', 'small', 324, 20, 22, 3.7),
(29, 'Secret Symphony Hazelnut', 5, 'From $6 for 2-3 days', 'large', 436, 10, 14, 3.8),
(29, 'Secret Symphony Hazelnut', 5, 'From $6 for 2-3 days', 'medium', 451, 10, 14, 3.8),
(29, 'Secret Symphony Hazelnut', 5, 'From $6 for 2-3 days', 'small', 316, 10, 14, 3.8),
(31, 'Celestial Caramel Cream', 3, 'From $8 for 2-5 days', 'large', 455, 5, 21, 4.0),
(31, 'Celestial Caramel Cream', 3, 'From $8 for 2-5 days', 'medium', 435, 5, 21, 4.0),
(31, 'Celestial Caramel Cream', 3, 'From $8 for 2-5 days', 'small', 449, 5, 21, 4.0),
(32, 'Essence Espresso Vanilla', 4, 'From $9 for 3-6 days', 'large', 529, 5, 17, 3.5),
(32, 'Essence Espresso Vanilla', 4, 'From $9 for 3-6 days', 'medium', 662, 5, 17, 3.5),
(32, 'Essence Espresso Vanilla', 4, 'From $9 for 3-6 days', 'small', 503, 5, 17, 3.5),
(33, 'Twilight Toffee Temptation', 2, 'From $10 for 1-3 days', 'large', 428, 15, 13, 3.7),
(33, 'Twilight Toffee Temptation', 2, 'From $10 for 1-3 days', 'medium', 243, 15, 13, 3.7),
(33, 'Twilight Toffee Temptation', 2, 'From $10 for 1-3 days', 'small', 445, 15, 13, 3.7),
(34, 'Enigma Eggnog Latte', 3, 'From $11 for 2-4 days', 'large', 274, 10, 20, 3.8),
(34, 'Enigma Eggnog Latte', 3, 'From $11 for 2-4 days', 'medium', 306, 10, 20, 3.8),
(34, 'Enigma Eggnog Latte', 3, 'From $11 for 2-4 days', 'small', 283, 10, 20, 3.8),
(36, 'Dreamer\'s Delight Vanilla', 3, 'From $8 for 1-3 days', 'large', 279, 5, 13, 3.9),
(36, 'Dreamer\'s Delight Vanilla', 3, 'From $8 for 1-3 days', 'medium', 519, 5, 13, 3.9),
(36, 'Dreamer\'s Delight Vanilla', 3, 'From $8 for 1-3 days', 'small', 530, 5, 13, 3.9),
(38, 'Enchanted Espresso Almond', 4, 'From $10 for 3-6 days', 'large', 227, 10, 16, 3.9),
(38, 'Enchanted Espresso Almond', 4, 'From $10 for 3-6 days', 'medium', 422, 10, 16, 3.9),
(38, 'Enchanted Espresso Almond', 4, 'From $10 for 3-6 days', 'small', 511, 10, 16, 3.9),
(40, 'Mirage Mocha Marshmallow', 4, 'From $12 for 2-3 days', 'large', 552, 10, 23, 3.6),
(40, 'Mirage Mocha Marshmallow', 4, 'From $12 for 2-3 days', 'medium', 656, 10, 23, 3.6),
(40, 'Mirage Mocha Marshmallow', 4, 'From $12 for 2-3 days', 'small', 400, 10, 23, 3.6),
(41, 'Secret Symphony Cinnamon Roll', 3, 'From $8 for 1-4 days', 'large', 531, 15, 13, 3.7),
(41, 'Secret Symphony Cinnamon Roll', 3, 'From $8 for 1-4 days', 'medium', 570, 15, 13, 3.7),
(41, 'Secret Symphony Cinnamon Roll', 3, 'From $8 for 1-4 days', 'small', 659, 15, 13, 3.7),
(42, 'Celestial Cappuccino Coconut', 4, 'From $9 for 2-5 days', 'large', 281, 0, 16, 4.0),
(42, 'Celestial Cappuccino Coconut', 4, 'From $9 for 2-5 days', 'medium', 483, 0, 16, 4.0),
(42, 'Celestial Cappuccino Coconut', 4, 'From $9 for 2-5 days', 'small', 758, 0, 16, 4.0),
(43, 'Essence Espresso Eggnog', 5, 'From $10 for 3-6 days', 'large', 881, 10, 20, 4.1),
(43, 'Essence Espresso Eggnog', 5, 'From $10 for 3-6 days', 'medium', 384, 10, 20, 4.1),
(43, 'Essence Espresso Eggnog', 5, 'From $10 for 3-6 days', 'small', 309, 10, 20, 4.1),
(44, 'Aura Almond Joy', 5, 'From $11 for 1-3 days', 'large', 867, 10, 16, 4.2),
(44, 'Aura Almond Joy', 5, 'From $11 for 1-3 days', 'medium', 521, 10, 16, 4.2),
(44, 'Aura Almond Joy', 5, 'From $11 for 1-3 days', 'small', 282, 10, 16, 4.2),
(47, 'Whispered White Chocolate Delight', 5, 'From $9 for 2-3 days', 'large', 808, 0, 17, 3.7),
(47, 'Whispered White Chocolate Delight', 5, 'From $9 for 2-3 days', 'medium', 977, 0, 17, 3.7),
(47, 'Whispered White Chocolate Delight', 5, 'From $9 for 2-3 days', 'small', 201, 0, 17, 3.7),
(48, 'Ethereal Espresso Almond Bliss', 5, 'From $10 for 1-4 days', 'large', 735, 15, 18, 3.8),
(48, 'Ethereal Espresso Almond Bliss', 5, 'From $10 for 1-4 days', 'medium', 967, 15, 18, 3.8),
(48, 'Ethereal Espresso Almond Bliss', 5, 'From $10 for 1-4 days', 'small', 774, 15, 18, 3.8),
(49, 'Enigma Eggnog Explosion', 2, 'From $11 for 2-5 days', 'large', 853, 20, 17, 4.1),
(49, 'Enigma Eggnog Explosion', 2, 'From $11 for 2-5 days', 'medium', 481, 20, 17, 4.1),
(49, 'Enigma Eggnog Explosion', 2, 'From $11 for 2-5 days', 'small', 892, 20, 17, 4.1),
(51, 'Mirage Maple Madness', 3, 'From $13 for 1-3 days', 'large', 458, 10, 19, 3.7),
(51, 'Mirage Maple Madness', 3, 'From $13 for 1-3 days', 'medium', 885, 10, 19, 3.7),
(51, 'Mirage Maple Madness', 3, 'From $13 for 1-3 days', 'small', 278, 10, 19, 3.7),
(52, 'Secret Symphony Spiced Caramel', 4, 'From $14 for 2-4 days', 'large', 910, 10, 23, 3.9),
(52, 'Secret Symphony Spiced Caramel', 4, 'From $14 for 2-4 days', 'medium', 214, 10, 23, 3.9),
(52, 'Secret Symphony Spiced Caramel', 4, 'From $14 for 2-4 days', 'small', 660, 10, 23, 3.9),
(53, 'Celestial Coconut Caramel Crunch', 4, 'From $10 for 2-5 days', 'large', 640, 10, 20, 3.7),
(53, 'Celestial Coconut Caramel Crunch', 4, 'From $10 for 2-5 days', 'medium', 954, 10, 20, 3.7),
(53, 'Celestial Coconut Caramel Crunch', 4, 'From $10 for 2-5 days', 'small', 490, 10, 20, 3.7),
(54, 'Essence Espresso Euphoria', 2, 'From $11 for 1-3 days', 'large', 397, 0, 19, 3.8),
(54, 'Essence Espresso Euphoria', 2, 'From $11 for 1-3 days', 'medium', 547, 0, 19, 3.8),
(54, 'Essence Espresso Euphoria', 2, 'From $11 for 1-3 days', 'small', 964, 0, 19, 3.8),
(57, 'Mystic Mocha Madness', 3, 'From $14 for 1-2 days', 'large', 254, 20, 26, 4.1),
(57, 'Mystic Mocha Madness', 3, 'From $14 for 1-2 days', 'medium', 334, 20, 26, 4.1),
(57, 'Mystic Mocha Madness', 3, 'From $14 for 1-2 days', 'small', 966, 20, 26, 4.1);

-- --------------------------------------------------------

--
-- Table structure for table `bill`
--

DROP TABLE IF EXISTS `bill`;
CREATE TABLE IF NOT EXISTS `bill` (
  `BID` int(11) NOT NULL,
  `created_at` datetime NOT NULL,
  `total_price` decimal(10,0) NOT NULL DEFAULT 0,
  `shipping_fee` decimal(10,0) NOT NULL DEFAULT 0,
  `credit_card_number` varchar(16) NOT NULL,
  `customer_email` varchar(255) NOT NULL,
  `AID` int(11) NOT NULL,
  PRIMARY KEY (`BID`),
  KEY `credit_card_number` (`credit_card_number`),
  KEY `customer_email` (`customer_email`,`AID`)
) ENGINE=InnoDB DEFAULT CHARSET=utf8mb4 COLLATE=utf8mb4_general_ci;

--
-- RELATIONSHIPS FOR TABLE `bill`:
--   `credit_card_number`
--       `credit_card` -> `card_number`
--   `customer_email`
--       `shipping_address` -> `customer_email`
--   `AID`
--       `shipping_address` -> `AID`
--

--
-- Dumping data for table `bill`
--

INSERT INTO `bill` (`BID`, `created_at`, `total_price`, `shipping_fee`, `credit_card_number`, `customer_email`, `AID`) VALUES
(1, '2024-04-21 05:19:12', 0, 0, '3311063357175751', 'abc@gmail.com', 3),
(2, '2024-04-21 05:19:12', 0, 0, '9239394099394545', 'agavenectar@gmail.com', 5),
(3, '2024-04-21 05:19:12', 0, 0, '6955464717668757', 'almondmilk@gmail.com', 7),
(4, '2024-04-21 05:19:12', 0, 0, '5843203490315708', 'applepie@gmail.com', 12),
(5, '2024-04-21 05:19:12', 0, 0, '6237921512301294', 'apricotjam@gmail.com', 15),
(6, '2024-04-21 05:19:12', 0, 0, '5517628849171438', 'apricotpreserve@gmail.com', 18),
(7, '2024-04-21 05:19:12', 0, 0, '9220453636112622', 'avocadosalad@gmail.com', 21),
(8, '2024-04-21 05:19:12', 0, 0, '5876942001232503', 'bananabread@gmail.com', 22),
(9, '2024-04-21 05:19:12', 0, 0, '1711507413476592', 'bellpepper@gmail.com', 25),
(10, '2024-04-21 05:19:12', 0, 0, '9764657712112053', 'blackberry@gmail.com', 29),
(11, '2024-04-21 05:19:12', 0, 0, '4323290448687377', 'blackcurrant@gmail.com', 33),
(12, '2024-04-21 05:19:12', 0, 0, '0621473019733072', 'blueberry@gmail.com', 34),
(13, '2024-04-21 05:19:12', 0, 0, '8093696586873920', 'blueberrycompote@gmail.com', 37),
(14, '2024-04-21 05:19:12', 0, 0, '5515162377394397', 'boysenberry@gmail.com', 40),
(15, '2024-04-21 05:19:12', 0, 0, '8569881732667304', 'broccolisoup@gmail.com', 45),
(16, '2024-04-21 05:19:12', 0, 0, '7747628695281247', 'butterscotch@gmail.com', 48),
(17, '2024-04-21 05:19:12', 0, 0, '7441975321690057', 'caoviethuy22@gmail.com@gmail.com', 50),
(18, '2024-04-21 05:19:12', 0, 0, '2934646394649453', 'caramelcorn@gmail.com', 54),
(19, '2024-04-21 05:19:12', 0, 0, '5627070436087486', 'carrotcake@gmail.com', 55),
(20, '2024-04-21 05:19:12', 0, 0, '0496634314660677', 'cashewbutter@gmail.com', 58),
(21, '2024-04-21 05:19:12', 0, 0, '4561663554799831', 'cherrypie@gmail.com', 63),
(22, '2024-04-21 05:19:12', 0, 0, '4595279484338167', 'chestnutroast@gmail.com', 64),
(23, '2024-04-21 05:19:12', 0, 0, '6962320862174974', 'chocolatechip@gmail.com', 68),
(24, '2024-04-21 05:19:12', 0, 0, '5345457942958403', 'cinnamonroll@gmail.com', 71),
(25, '2024-04-21 05:19:12', 0, 0, '4651770977434848', 'coconutmilk@gmail.com', 73),
(26, '2024-04-21 05:19:12', 0, 0, '4734083880344003', 'cornonthecob@gmail.com', 77),
(27, '2024-04-21 05:19:12', 0, 0, '4365647958633055', 'cornsyrup@gmail.com', 81),
(28, '2024-04-21 05:19:12', 0, 0, '1297659459992242', 'cottoncandy@gmail.com', 84),
(29, '2024-04-21 05:19:12', 0, 0, '5233027725650057', 'cranberryrelish@gmail.com', 87),
(30, '2024-04-21 05:19:12', 0, 0, '9972032519412479', 'cucumber@gmail.com', 90),
(31, '2024-04-21 05:19:12', 0, 0, '3749096477655933', 'cvh181244@gmail.com', 91),
(32, '2024-04-21 05:19:12', 0, 0, '1341886842884648', 'datesyrup@gmail.com', 94),
(33, '2024-04-21 05:19:12', 0, 0, '6566435577226342', 'dragonfruit@gmail.com', 97),
(34, '2024-04-21 05:19:12', 0, 0, '8515533368691435', 'figjam@gmail.com', 102),
(35, '2024-04-21 05:19:12', 0, 0, '1375234908762893', 'garlicbread@gmail.com', 105),
(36, '2024-04-21 05:19:12', 0, 0, '0315949602463396', 'gewrg@gqegqw@gmail.com', 107),
(37, '2024-04-21 05:19:12', 0, 0, '8110429464483313', 'gingerbread@gmail.com', 110),
(38, '2024-04-21 05:19:12', 0, 0, '3599955169571756', 'gooseberrypie@gmail.com', 113),
(39, '2024-04-21 05:19:12', 0, 0, '7721386044363527', 'grapefruit@gmail.com', 116),
(40, '2024-04-21 05:19:12', 0, 0, '5731099393001227', 'grapejam@gmail.com', 118),
(41, '2024-04-21 05:19:12', 0, 0, '1334106270124015', 'gummyworms@gmail.com', 121),
(42, '2024-04-21 05:19:12', 0, 0, '2307037727209529', 'hazelnutcoffee@gmail.com', 126),
(43, '2024-04-21 05:19:12', 0, 0, '2528332765108212', 'honeycomb@gmail.com', 128),
(44, '2024-04-21 05:19:12', 0, 0, '7353306931144047', 'huckleberryjam@gmail.com', 130),
(45, '2024-04-21 05:19:12', 0, 0, '2483145256054082', 'huyhuy123@hcmut.edu.vn@gmail.com', 135),
(46, '2024-04-21 05:19:12', 0, 0, '0479252314703536', 'jellybeans@gmail.com', 136),
(47, '2024-04-21 05:19:12', 0, 0, '7262344365056390', 'kiwismoothie@gmail.com', 139),
(48, '2024-04-21 05:19:12', 0, 0, '5380413578679230', 'kumquatmarmalade@gmail.com', 142),
(49, '2024-04-21 05:19:12', 0, 0, '0011006237382175', 'lemonade@gmail.com', 146),
(50, '2024-04-21 05:19:12', 0, 0, '7443507191808978', 'lettucewraps@gmail.com', 149),
(51, '2024-04-21 05:19:12', 0, 0, '1644071271156495', 'licorice@gmail.com', 153),
(52, '2024-04-21 05:19:12', 0, 0, '9933097999329698', 'lollipop@gmail.com', 156),
(53, '2024-04-21 05:19:12', 0, 0, '6872981534143290', 'lycheejelly@gmail.com', 158),
(54, '2024-04-21 05:19:12', 0, 0, '1267059292991935', 'macadamianuts@gmail.com', 160),
(55, '2024-04-21 05:19:12', 0, 0, '5702587118936730', 'mandarinorange@gmail.com', 164),
(56, '2024-04-21 05:19:12', 0, 0, '8728134483944532', 'mangojuice@gmail.com', 166),
(57, '2024-04-21 05:19:12', 0, 0, '1769652384219000', 'maplesyrup@gmail.com', 171),
(58, '2024-04-21 05:19:12', 0, 0, '0283951107711122', 'marmalade@gmail.com', 172),
(59, '2024-04-21 05:19:12', 0, 0, '5669340627201731', 'marshmallow@gmail.com', 176),
(60, '2024-04-21 05:19:12', 0, 0, '3512886199665827', 'melonsorbet@gmail.com', 178),
(61, '2024-04-21 05:19:12', 0, 0, '0298233565915429', 'mushroom@gmail.com', 181),
(62, '2024-04-21 05:19:12', 0, 0, '0928295757801332', 'oatmealcookie@gmail.com', 186),
(63, '2024-04-21 05:19:12', 0, 0, '7614138504764427', 'olivetapenade@gmail.com', 187),
(64, '2024-04-21 05:19:12', 0, 0, '3195573134463510', 'onionrings@gmail.com', 190),
(65, '2024-04-21 05:19:12', 0, 0, '0550313692989513', 'orangezest@gmail.com', 193),
(66, '2024-04-21 05:19:12', 0, 0, '8744713094127392', 'papayapuree@gmail.com', 198),
(67, '2024-04-21 05:19:12', 0, 0, '1568134839238147', 'peachcobbler@gmail.com', 200),
(68, '2024-04-21 05:19:12', 0, 0, '5500121759285593', 'peanutbutter@gmail.com', 204),
(69, '2024-04-21 05:19:12', 0, 0, '5809249731463870', 'pecanpie@gmail.com', 206),
(70, '2024-04-21 05:19:12', 0, 0, '4050423599516722', 'peppermint@gmail.com', 208),
(71, '2024-04-21 05:19:12', 0, 0, '2787243284797746', 'persimmonjam@gmail.com', 211),
(72, '2024-04-21 05:19:12', 0, 0, '8237641657328788', 'phuc.dangphanminh@hcmut.edu.vn', 215),
(73, '2024-04-21 05:19:12', 0, 0, '5673626339781952', 'pineapple@gmail.com', 219),
(74, '2024-04-21 05:19:12', 0, 0, '6229412528723514', 'pistachiopudding@gmail.com', 221),
(75, '2024-04-21 05:19:12', 0, 0, '2859245975507525', 'plumcobbler@gmail.com', 223),
(76, '2024-04-21 05:19:12', 0, 0, '5132788327147921', 'popcornball@gmail.com', 226),
(77, '2024-04-21 05:19:12', 0, 0, '2807341100696864', 'potatosalad@gmail.com', 230),
(78, '2024-04-21 05:19:12', 0, 0, '0056564655464340', 'quinoasalad@gmail.com', 232),
(79, '2024-04-21 05:19:12', 0, 0, '8816168919978314', 'qwfqw@gqwgfqw@gmail.com', 237),
(80, '2024-04-21 05:19:12', 0, 0, '1656775417787551', 'raspberry@gmail.com', 238),
(81, '2024-04-21 05:19:12', 0, 0, '7921738346347004', 'rhubarbjelly@gmail.com', 241),
(82, '2024-04-21 05:19:12', 0, 0, '7714448853321910', 'ricepaperrolls@gmail.com', 245),
(83, '2024-04-21 05:19:12', 0, 0, '6559665575341289', 'rockcandy@gmail.com', 247),
(84, '2024-04-21 05:19:12', 0, 0, '0326009577136356', 'sesamecrackers@gmail.com', 252),
(85, '2024-04-21 05:19:12', 0, 0, '9552741946994276', 'shortbread@gmail.com', 253),
(86, '2024-04-21 05:19:12', 0, 0, '9507543399083270', 'spinach@gmail.com', 256),
(87, '2024-04-21 05:19:12', 0, 0, '6628642315096898', 'strawberry@gmail.com', 259),
(88, '2024-04-21 05:19:12', 0, 0, '2735808472185076', 'strawberryjam@gmail.com', 264),
(89, '2024-04-21 05:19:12', 0, 0, '0310778799015774', 'taffycandy@gmail.com', 267),
(90, '2024-04-21 05:19:12', 0, 0, '7038598177573400', 'tangerinetart@gmail.com', 270),
(91, '2024-04-21 05:19:12', 0, 0, '7502335591383285', 'toffeecaramel@gmail.com', 272),
(92, '2024-04-21 05:19:12', 0, 0, '5993598952943748', 'tomatosauce@gmail.com', 276),
(93, '2024-04-21 05:19:12', 0, 0, '7617141695378821', 'vanillacupcake@gmail.com', 279),
(94, '2024-04-21 05:19:12', 0, 0, '1805269485419871', 'walnutcake@gmail.com', 281),
(95, '2024-04-21 05:19:12', 0, 0, '5310918049656941', 'watermelon@gmail.com', 283),
(96, '2024-04-21 05:19:12', 0, 0, '1154548551258893', 'wfqwfqwf@gmail.com', 286),
(97, '2024-04-21 05:19:12', 0, 0, '9486984740722776', 'zucchinibread@gmail.com', 291);

-- --------------------------------------------------------

--
-- Table structure for table `bill_have_product`
--

DROP TABLE IF EXISTS `bill_have_product`;
CREATE TABLE IF NOT EXISTS `bill_have_product` (
  `BID` int(11) NOT NULL,
  `PID` int(11) NOT NULL,
  `size` char(20) NOT NULL,
  `quantity` int(11) NOT NULL,
  PRIMARY KEY (`BID`,`PID`,`size`),
  KEY `PID` (`PID`,`size`)
) ENGINE=InnoDB DEFAULT CHARSET=utf8mb4 COLLATE=utf8mb4_general_ci;

--
-- RELATIONSHIPS FOR TABLE `bill_have_product`:
--   `BID`
--       `bill` -> `BID`
--   `PID`
--       `product` -> `PID`
--   `size`
--       `product` -> `size`
--

DELIMITER $$
CREATE TRIGGER insert_Bill_have_Product_trigger AFTER INSERT ON Bill_have_Product FOR EACH ROW BEGIN
	DECLARE var_listed_unit_price DECIMAL(10, 0);
    DECLARE var_discount DECIMAL(10, 0);
    
    SELECT listed_unit_price, discount INTO var_listed_unit_price, var_discount
    FROM Product
    WHERE PID = NEW.PID AND size = NEW.size;
    
	UPDATE Bill
    SET total_price = total_price + (NEW.quantity * (var_listed_unit_price * (100 - var_discount) / 100))
    WHERE BID = NEW.BID;
END$$

DELIMITER ;
--
-- Dumping data for table `bill_have_product`
--

INSERT INTO `bill_have_product` (`BID`, `PID`, `size`, `quantity`) VALUES
(1, 6, 'large', 3),
(1, 22, 'medium', 1),
(1, 48, 'large', 1),
(2, 8, 'small', 1),
(2, 40, 'medium', 2),
(2, 52, 'large', 3),
(3, 38, 'medium', 3),
(3, 51, 'large', 3),
(3, 54, 'large', 1),
(4, 16, 'large', 1),
(4, 22, 'large', 1),
(4, 24, 'medium', 2),
(5, 12, 'medium', 3),
(5, 17, 'small', 2),
(5, 22, 'large', 2),
(6, 22, 'small', 1),
(6, 26, 'medium', 2),
(6, 44, 'large', 2),
(7, 3, 'medium', 2),
(7, 6, 'small', 2),
(7, 20, 'small', 1),
(8, 15, 'large', 2),
(8, 31, 'large', 1),
(8, 31, 'small', 1),
(9, 18, 'large', 2),
(9, 22, 'medium', 2),
(9, 49, 'medium', 2),
(10, 12, 'small', 1),
(10, 25, 'large', 1),
(10, 51, 'small', 1),
(11, 16, 'medium', 1),
(11, 20, 'large', 3),
(11, 47, 'large', 2),
(12, 2, 'small', 3),
(12, 15, 'small', 3),
(12, 48, 'medium', 1),
(13, 16, 'small', 1),
(13, 19, 'large', 2),
(13, 48, 'medium', 1),
(14, 23, 'small', 1),
(14, 38, 'large', 3),
(14, 57, 'medium', 3),
(15, 3, 'large', 3),
(15, 13, 'large', 3),
(15, 16, 'small', 3),
(16, 6, 'small', 2),
(16, 8, 'large', 3),
(16, 36, 'medium', 1),
(17, 20, 'medium', 1),
(17, 28, 'large', 1),
(17, 44, 'small', 2),
(18, 13, 'medium', 3),
(18, 17, 'small', 3),
(18, 25, 'small', 1),
(19, 17, 'large', 3),
(19, 38, 'medium', 3),
(19, 48, 'medium', 3),
(20, 19, 'medium', 3),
(20, 26, 'medium', 2),
(20, 34, 'medium', 1),
(21, 8, 'medium', 2),
(21, 16, 'medium', 2),
(21, 40, 'small', 1),
(22, 12, 'small', 3),
(22, 18, 'small', 3),
(22, 48, 'small', 1),
(23, 12, 'large', 1),
(23, 16, 'small', 1),
(23, 19, 'medium', 2),
(24, 3, 'small', 2),
(24, 8, 'large', 2),
(24, 54, 'large', 2),
(25, 10, 'large', 2),
(25, 34, 'large', 2),
(25, 53, 'large', 2),
(26, 7, 'large', 1),
(26, 25, 'medium', 3),
(26, 53, 'small', 1),
(27, 16, 'small', 1),
(27, 34, 'medium', 3),
(27, 57, 'small', 1),
(28, 26, 'medium', 2),
(28, 41, 'small', 1),
(28, 43, 'medium', 3),
(29, 9, 'small', 1),
(29, 19, 'large', 2),
(29, 36, 'large', 2),
(30, 1, 'large', 1),
(30, 15, 'small', 3),
(30, 25, 'medium', 3),
(31, 16, 'medium', 1),
(31, 28, 'medium', 1),
(31, 42, 'small', 2),
(32, 19, 'medium', 3),
(32, 19, 'small', 3),
(32, 52, 'medium', 3),
(33, 7, 'large', 1),
(33, 19, 'medium', 1),
(33, 36, 'small', 1),
(34, 15, 'medium', 1),
(34, 20, 'medium', 2),
(34, 25, 'small', 1),
(35, 1, 'medium', 3),
(35, 24, 'small', 2),
(35, 44, 'medium', 3),
(36, 15, 'small', 2),
(36, 26, 'medium', 2),
(36, 31, 'small', 1),
(37, 8, 'large', 2),
(37, 18, 'small', 1),
(37, 28, 'large', 1),
(38, 25, 'large', 1),
(38, 28, 'large', 3),
(38, 43, 'large', 3),
(39, 22, 'medium', 3),
(39, 29, 'medium', 1),
(39, 34, 'large', 3),
(40, 23, 'medium', 1),
(40, 36, 'medium', 3),
(40, 54, 'small', 2),
(41, 2, 'large', 2),
(41, 3, 'small', 3),
(41, 16, 'large', 2),
(42, 8, 'large', 3),
(42, 8, 'small', 1),
(42, 47, 'large', 2),
(43, 29, 'large', 2),
(43, 40, 'large', 2),
(43, 48, 'large', 3),
(44, 2, 'large', 3),
(44, 2, 'medium', 1),
(44, 53, 'small', 1),
(45, 23, 'medium', 3),
(45, 38, 'small', 2),
(45, 41, 'small', 2),
(46, 23, 'small', 1),
(46, 31, 'large', 1),
(46, 34, 'large', 3),
(47, 19, 'large', 2),
(47, 26, 'large', 2),
(47, 43, 'small', 2),
(48, 5, 'large', 1),
(48, 13, 'large', 3),
(48, 44, 'medium', 1),
(49, 7, 'small', 1),
(49, 13, 'small', 3),
(49, 36, 'medium', 1),
(50, 12, 'large', 1),
(50, 17, 'large', 3),
(50, 40, 'small', 3),
(51, 5, 'small', 3),
(51, 10, 'small', 1),
(51, 40, 'medium', 2),
(52, 17, 'large', 1),
(52, 34, 'small', 3),
(52, 42, 'large', 3),
(53, 8, 'medium', 3),
(53, 13, 'medium', 2),
(53, 52, 'medium', 3),
(54, 1, 'medium', 1),
(54, 2, 'large', 1),
(54, 16, 'small', 1),
(55, 15, 'medium', 2),
(55, 16, 'small', 1),
(55, 22, 'small', 2),
(56, 3, 'medium', 1),
(56, 10, 'medium', 3),
(56, 32, 'medium', 3),
(57, 2, 'small', 1),
(57, 6, 'large', 3),
(57, 17, 'medium', 3),
(58, 3, 'small', 1),
(58, 26, 'small', 2),
(58, 44, 'medium', 1),
(59, 13, 'medium', 2),
(59, 41, 'large', 3),
(59, 52, 'medium', 2),
(60, 6, 'large', 1),
(60, 23, 'large', 3),
(60, 53, 'large', 1),
(61, 8, 'large', 3),
(61, 28, 'medium', 3),
(61, 52, 'small', 3),
(62, 28, 'large', 3),
(62, 52, 'small', 1),
(62, 54, 'small', 3),
(63, 24, 'medium', 3),
(63, 51, 'medium', 2),
(63, 57, 'small', 3),
(64, 1, 'small', 3),
(64, 48, 'medium', 2),
(64, 49, 'medium', 2),
(65, 8, 'large', 1),
(65, 23, 'medium', 1),
(65, 34, 'large', 1),
(66, 12, 'large', 3),
(66, 26, 'small', 3),
(66, 28, 'large', 2),
(67, 43, 'medium', 2),
(67, 49, 'medium', 2),
(67, 53, 'medium', 1),
(68, 20, 'small', 1),
(68, 27, 'large', 2),
(68, 33, 'large', 3),
(69, 1, 'small', 3),
(69, 47, 'small', 2),
(69, 52, 'small', 1),
(70, 8, 'small', 1),
(70, 31, 'small', 2),
(70, 49, 'small', 2),
(71, 7, 'medium', 1),
(71, 19, 'large', 2),
(71, 49, 'small', 1),
(72, 10, 'large', 1),
(72, 47, 'medium', 2),
(72, 53, 'small', 3),
(73, 14, 'large', 2),
(73, 24, 'large', 2),
(73, 41, 'large', 2),
(74, 19, 'medium', 2),
(74, 44, 'medium', 2),
(74, 51, 'large', 2),
(75, 9, 'large', 2),
(75, 19, 'medium', 3),
(75, 47, 'medium', 2),
(76, 27, 'medium', 2),
(76, 36, 'large', 1),
(76, 49, 'small', 1),
(77, 36, 'small', 1),
(77, 42, 'small', 1),
(77, 52, 'medium', 3),
(78, 12, 'large', 3),
(78, 33, 'small', 3),
(78, 47, 'small', 1),
(79, 19, 'small', 2),
(79, 40, 'medium', 3),
(79, 42, 'medium', 2),
(80, 8, 'medium', 2),
(80, 40, 'large', 2),
(80, 54, 'medium', 3),
(81, 3, 'large', 2),
(81, 15, 'large', 2),
(81, 53, 'medium', 1),
(82, 14, 'large', 3),
(82, 28, 'medium', 2),
(82, 57, 'medium', 1),
(83, 13, 'small', 2),
(83, 20, 'medium', 2),
(83, 48, 'medium', 3),
(84, 26, 'small', 2),
(84, 38, 'small', 1),
(84, 42, 'large', 2),
(85, 9, 'small', 3),
(85, 19, 'small', 3),
(85, 28, 'medium', 1),
(86, 3, 'small', 3),
(86, 6, 'small', 3),
(86, 16, 'small', 1),
(87, 8, 'medium', 2),
(87, 23, 'small', 1),
(87, 27, 'medium', 1),
(88, 8, 'small', 3),
(88, 13, 'medium', 3),
(88, 44, 'medium', 3),
(89, 8, 'large', 3),
(89, 15, 'large', 2),
(89, 42, 'small', 3),
(90, 12, 'large', 1),
(90, 19, 'large', 1),
(90, 28, 'small', 2),
(91, 1, 'small', 1),
(91, 2, 'medium', 1),
(91, 53, 'small', 2),
(92, 19, 'small', 3),
(92, 27, 'medium', 2),
(92, 47, 'medium', 1),
(93, 14, 'large', 2),
(93, 26, 'large', 1),
(93, 31, 'small', 2),
(94, 1, 'large', 2),
(94, 41, 'medium', 1),
(94, 51, 'medium', 2),
(95, 3, 'small', 1),
(95, 29, 'small', 1),
(95, 42, 'small', 1),
(96, 7, 'large', 2),
(96, 26, 'small', 1),
(96, 44, 'large', 1),
(97, 40, 'large', 2),
(97, 41, 'large', 2),
(97, 47, 'small', 2);

-- --------------------------------------------------------

--
-- Table structure for table `credit_card`
--

DROP TABLE IF EXISTS `credit_card`;
CREATE TABLE IF NOT EXISTS `credit_card` (
  `card_number` varchar(16) NOT NULL,
  `CVV` varchar(4) NOT NULL,
  `exp_date` date NOT NULL,
  `fullname` varchar(255) NOT NULL,
  `is_default` tinyint(1) NOT NULL DEFAULT 0,
  `customer_email` varchar(255) NOT NULL,
  PRIMARY KEY (`card_number`),
  KEY `customer_email` (`customer_email`)
) ENGINE=InnoDB DEFAULT CHARSET=utf8mb4 COLLATE=utf8mb4_general_ci;

--
-- RELATIONSHIPS FOR TABLE `credit_card`:
--   `customer_email`
--       `user` -> `email`
--

--
-- Dumping data for table `credit_card`
--

INSERT INTO `credit_card` (`card_number`, `CVV`, `exp_date`, `fullname`, `is_default`, `customer_email`) VALUES
('0011006237382175', '193', '2024-12-31', 'Harper Thompson', 1, 'lemonade@gmail.com'),
('0056564655464340', '693', '2024-12-31', 'Jackson Baker', 1, 'quinoasalad@gmail.com'),
('0283951107711122', '401', '2024-12-31', 'Eleanor Ford', 1, 'marmalade@gmail.com'),
('0298233565915429', '701', '2024-12-31', 'Scarlett Hill', 1, 'mushroom@gmail.com'),
('0310778799015774', '484', '2024-12-31', 'Nathan Reyes', 1, 'taffycandy@gmail.com'),
('0315949602463396', '3687', '2024-12-31', 'qwfqwf', 1, 'gewrg@gqegqw@gmail.com'),
('0326009577136356', '7949', '2024-12-31', 'Sebastian Carter', 1, 'sesamecrackers@gmail.com'),
('0479252314703536', '685', '2024-12-31', 'Natalie Watson', 1, 'jellybeans@gmail.com'),
('0496634314660677', '331', '2024-12-31', 'Aiden Perez', 1, 'cashewbutter@gmail.com'),
('0550313692989513', '024', '2024-12-31', 'Ethan Garcia', 1, 'orangezest@gmail.com'),
('0621473019733072', '848', '2024-12-31', 'Oliver Davis', 1, 'blueberry@gmail.com'),
('0928295757801332', '6140', '2024-12-31', 'Carter Sanchez', 1, 'oatmealcookie@gmail.com'),
('1154548551258893', '8983', '2024-12-31', 'SASAS', 1, 'wfqwfqwf@gmail.com'),
('1234567890123456', '1234', '2024-12-31', 'Đặng Phan Minh Phúc', 1, 'phuc.dangphanminh@hcmut.edu.vn'),
('1267059292991935', '465', '2024-12-31', 'Aubrey Flores', 1, 'macadamianuts@gmail.com'),
('1297659459992242', '760', '2024-12-31', 'Owen Morris', 1, 'cottoncandy@gmail.com'),
('1334106270124015', '1740', '2024-12-31', 'Wyatt Murphy', 1, 'gummyworms@gmail.com'),
('1341886842884648', '4351', '2024-12-31', 'Jack Coleman', 1, 'datesyrup@gmail.com'),
('1375234908762893', '449', '2024-12-31', 'Michael King', 1, 'garlicbread@gmail.com'),
('1568134839238147', '783', '2024-12-31', 'Sophia Taylor', 1, 'peachcobbler@gmail.com'),
('1644071271156495', '0581', '2024-12-31', 'Elizabeth Brooks', 1, 'licorice@gmail.com'),
('1656775417787551', '038', '2024-12-31', 'Elijah Anderson', 1, 'raspberry@gmail.com'),
('1711507413476592', '441', '2024-12-31', 'William Young', 1, 'bellpepper@gmail.com'),
('1769652384219000', '1192', '2024-12-31', 'Levi Bailey', 1, 'maplesyrup@gmail.com'),
('1805269485419871', '057', '2024-12-31', 'Matthew Scott', 1, 'walnutcake@gmail.com'),
('2307037727209529', '726', '2024-12-31', 'Samuel Hall', 1, 'hazelnutcoffee@gmail.com'),
('2483145256054082', '2293', '2024-12-31', 'Cao VIet Huy', 1, 'huyhuy123@hcmut.edu.vn@gmail.com'),
('2528332765108212', '145', '2024-12-31', 'Mila James', 1, 'honeycomb@gmail.com'),
('2735808472185076', '413', '2024-12-31', 'Kylie Washington', 1, 'strawberryjam@gmail.com'),
('2787243284797746', '0237', '2024-12-31', 'Ariana Perry', 1, 'persimmonjam@gmail.com'),
('2807341100696864', '031', '2024-12-31', 'Daniel Lopez', 1, 'potatosalad@gmail.com'),
('2859245975507525', '8582', '2024-12-31', 'Nicholas Richardson', 1, 'plumcobbler@gmail.com'),
('2934646394649453', '193', '2024-12-31', 'Addison Perry', 1, 'caramelcorn@gmail.com'),
('3195573134463510', '4796', '2024-12-31', 'Ella Hernandez', 1, 'onionrings@gmail.com'),
('3311063357175751', '202', '2024-12-31', 'avc', 1, 'abc@gmail.com'),
('3512886199665827', '304', '2024-12-31', 'Camila Flores', 1, 'melonsorbet@gmail.com'),
('3599955169571756', '8788', '2024-12-31', 'Sarah Evans', 1, 'gooseberrypie@gmail.com'),
('3749096477655933', '209', '2024-12-31', 'Cao Viet Huy', 1, 'cvh181244@gmail.com'),
('4050423599516722', '0050', '2024-12-31', 'Isaac Sanders', 1, 'peppermint@gmail.com'),
('4323290448687377', '5356', '2024-12-31', 'Hazel Bryant', 1, 'blackcurrant@gmail.com'),
('4365647958633055', '293', '2024-12-31', 'Paisley Perry', 1, 'cornsyrup@gmail.com'),
('4561663554799831', '858', '2024-12-31', 'Wyatt Alexander', 1, 'cherrypie@gmail.com'),
('4595279484338167', '5060', '2024-12-31', 'Lily Russell', 1, 'chestnutroast@gmail.com'),
('4651770977434848', '005', '2024-12-31', 'Logan Martin', 1, 'coconutmilk@gmail.com'),
('4734083880344003', '1144', '2024-12-31', 'Madison Wright', 1, 'cornonthecob@gmail.com'),
('5132788327147921', '462', '2024-12-31', 'Ryan Cox', 1, 'popcornball@gmail.com'),
('5233027725650057', '303', '2024-12-31', 'Adeline Gray', 1, 'cranberryrelish@gmail.com'),
('5310918049656941', '2343', '2024-12-31', 'Noah Brown', 1, 'watermelon@gmail.com'),
('5345457942958403', '145', '2024-12-31', 'Luke Carter', 1, 'cinnamonroll@gmail.com'),
('5380413578679230', '8658', '2024-12-31', 'Hailey Murphy', 1, 'kumquatmarmalade@gmail.com'),
('5500121759285593', '892', '2024-12-31', 'Grace Rivera', 1, 'peanutbutter@gmail.com'),
('5515162377394397', '4813', '2024-12-31', 'Ellie Wright', 1, 'boysenberry@gmail.com'),
('5517628849171438', '899', '2024-12-31', 'Julian Foster', 1, 'apricotpreserve@gmail.com'),
('5627070436087486', '149', '2024-12-31', 'James Robinson', 1, 'carrotcake@gmail.com'),
('5669340627201731', '5827', '2024-12-31', 'John Jenkins', 1, 'marshmallow@gmail.com'),
('5673626339781952', '477', '2024-12-31', 'Ava Jones', 1, 'pineapple@gmail.com'),
('5702587118936730', '3619', '2024-12-31', 'Maya Powell', 1, 'mandarinorange@gmail.com'),
('5731099393001227', '2735', '2024-12-31', 'Christian Russell', 1, 'grapejam@gmail.com'),
('5809249731463870', '098', '2024-12-31', 'Chloe Walker', 1, 'pecanpie@gmail.com'),
('5843203490315708', '467', '2024-12-31', 'Emma Smith', 1, 'applepie@gmail.com'),
('5876942001232503', '4972', '2024-12-31', 'Liam Johnson', 1, 'bananabread@gmail.com'),
('5993598952943748', '746', '2024-12-31', 'Alexander Rodriguez', 1, 'tomatosauce@gmail.com'),
('6229412528723514', '7034', '2024-12-31', 'David Price', 1, 'pistachiopudding@gmail.com'),
('6237921512301294', '5802', '2024-12-31', 'Amelia Harris', 1, 'apricotjam@gmail.com'),
('6559665575341289', '6578', '2024-12-31', 'Caleb Kim', 1, 'rockcandy@gmail.com'),
('6566435577226342', '0745', '2024-12-31', 'Skylar Mitchell', 1, 'dragonfruit@gmail.com'),
('6628642315096898', '092', '2024-12-31', 'Olivia Williams', 1, 'strawberry@gmail.com'),
('6872981534143290', '7616', '2024-12-31', 'Henry Hill', 1, 'lycheejelly@gmail.com'),
('6955464717668757', '906', '2024-12-31', 'Aria Mitchell', 1, 'almondmilk@gmail.com'),
('6962320862174974', '310', '2024-12-31', 'Gabriel Edwards', 1, 'chocolatechip@gmail.com'),
('7038598177573400', '202', '2024-12-31', 'Nova Bell', 1, 'tangerinetart@gmail.com'),
('7262344365056390', '635', '2024-12-31', 'Charlotte Lee', 1, 'kiwismoothie@gmail.com'),
('7353306931144047', '9486', '2024-12-31', 'Aaron Simmons', 1, 'huckleberryjam@gmail.com'),
('7441975321690057', '375', '2024-12-31', 'Cao Viet Huy', 1, 'caoviethuy22@gmail.com@gmail.com'),
('7443507191808978', '031', '2024-12-31', 'Mia Allen', 1, 'lettucewraps@gmail.com'),
('7502335591383285', '316', '2024-12-31', 'Brooklyn Howard', 1, 'toffeecaramel@gmail.com'),
('7614138504764427', '6936', '2024-12-31', 'Avery Adams', 1, 'olivetapenade@gmail.com'),
('7617141695378821', '4413', '2024-12-31', 'Zoe Phillips', 1, 'vanillacupcake@gmail.com'),
('7714448853321910', '9046', '2024-12-31', 'Sofia Nelson', 1, 'ricepaperrolls@gmail.com'),
('7721386044363527', '503', '2024-12-31', 'Mason White', 1, 'grapefruit@gmail.com'),
('7747628695281247', '2356', '2024-12-31', 'Layla Bennett', 1, 'butterscotch@gmail.com'),
('7921738346347004', '5752', '2024-12-31', 'Hunter Marshall', 1, 'rhubarbjelly@gmail.com'),
('8093696586873920', '8140', '2024-12-31', 'Jonathan Butler', 1, 'blueberrycompote@gmail.com'),
('8110429464483313', '6155', '2024-12-31', 'Ellie Morris', 1, 'gingerbread@gmail.com'),
('8237641657328788', '438', '2024-12-31', 'Đặng Phan Minh Phúc', 1, 'phuc.dangphanminh@hcmut.edu.vn'),
('8515533368691435', '2597', '2024-12-31', 'Claire Long', 1, 'figjam@gmail.com'),
('8569881732667304', '473', '2024-12-31', 'Abigail Clark', 1, 'broccolisoup@gmail.com'),
('8728134483944532', '9494', '2024-12-31', 'Lucas Thomas', 1, 'mangojuice@gmail.com'),
('8744713094127392', '0971', '2024-12-31', 'Eli Carter', 1, 'papayapuree@gmail.com'),
('8816168919978314', '897', '2024-12-31', 'Moi Nhat ne', 1, 'qwfqw@gqwgfqw@gmail.com'),
('9220453636112622', '827', '2024-12-31', 'Emily Lewis', 1, 'avocadosalad@gmail.com'),
('9239394099394545', '680', '2024-12-31', 'Jayden Rivera', 1, 'agavenectar@gmail.com'),
('9486984740722776', '943', '2024-12-31', 'Henry Green', 1, 'zucchinibread@gmail.com'),
('9507543399083270', '077', '2024-12-31', 'Benjamin Hall', 1, 'spinach@gmail.com'),
('9552741946994276', '948', '2024-12-31', 'Hannah Stewart', 1, 'shortbread@gmail.com'),
('9764657712112053', '4244', '2024-12-31', 'Isabella Martinez', 1, 'blackberry@gmail.com'),
('9933097999329698', '0968', '2024-12-31', 'Lillian Ross', 1, 'lollipop@gmail.com'),
('9972032519412479', '544', '2024-12-31', 'Evelyn Martinez', 1, 'cucumber@gmail.com');

-- --------------------------------------------------------

--
-- Table structure for table `customer_add_to_cart_product`
--

DROP TABLE IF EXISTS `customer_add_to_cart_product`;
CREATE TABLE IF NOT EXISTS `customer_add_to_cart_product` (
  `customer_email` varchar(255) NOT NULL,
  `PID` int(11) NOT NULL,
  `size` char(20) NOT NULL DEFAULT 'small',
  `quantity` int(11) NOT NULL,
  PRIMARY KEY (`customer_email`,`PID`,`size`) USING BTREE,
  KEY `customer_add_to_cart_product_ibfk_1` (`PID`,`size`)
) ENGINE=InnoDB DEFAULT CHARSET=utf8mb4 COLLATE=utf8mb4_general_ci;

--
-- RELATIONSHIPS FOR TABLE `customer_add_to_cart_product`:
--   `PID`
--       `product` -> `PID`
--   `size`
--       `product` -> `size`
--   `customer_email`
--       `user` -> `email`
--

--
-- Dumping data for table `customer_add_to_cart_product`
--

INSERT INTO `customer_add_to_cart_product` (`customer_email`, `PID`, `size`, `quantity`) VALUES
('abc@gmail.com', 9, 'small', 1),
('abc@gmail.com', 36, 'small', 2),
('abc@gmail.com', 42, 'small', 1),
('agavenectar@gmail.com', 15, 'small', 2),
('agavenectar@gmail.com', 34, 'small', 3),
('agavenectar@gmail.com', 49, 'small', 2),
('almondmilk@gmail.com', 14, 'small', 1),
('almondmilk@gmail.com', 15, 'small', 2),
('almondmilk@gmail.com', 29, 'small', 2),
('applepie@gmail.com', 2, 'small', 1),
('applepie@gmail.com', 28, 'small', 2),
('applepie@gmail.com', 49, 'small', 2),
('apricotjam@gmail.com', 27, 'small', 2),
('apricotjam@gmail.com', 32, 'small', 1),
('apricotjam@gmail.com', 42, 'small', 3),
('apricotpreserve@gmail.com', 15, 'small', 3),
('apricotpreserve@gmail.com', 17, 'small', 1),
('apricotpreserve@gmail.com', 31, 'small', 1),
('avocadosalad@gmail.com', 22, 'small', 2),
('avocadosalad@gmail.com', 27, 'small', 1),
('avocadosalad@gmail.com', 36, 'small', 3),
('bananabread@gmail.com', 6, 'small', 2),
('bananabread@gmail.com', 14, 'small', 1),
('bananabread@gmail.com', 36, 'small', 1),
('bellpepper@gmail.com', 6, 'small', 3),
('bellpepper@gmail.com', 20, 'small', 3),
('bellpepper@gmail.com', 48, 'small', 1),
('blackberry@gmail.com', 3, 'small', 1),
('blackberry@gmail.com', 27, 'small', 1),
('blackberry@gmail.com', 33, 'small', 2),
('blackcurrant@gmail.com', 14, 'small', 2),
('blackcurrant@gmail.com', 25, 'small', 1),
('blackcurrant@gmail.com', 33, 'small', 1),
('blueberry@gmail.com', 6, 'small', 1),
('blueberry@gmail.com', 33, 'small', 3),
('blueberry@gmail.com', 49, 'small', 2),
('blueberrycompote@gmail.com', 20, 'small', 1),
('blueberrycompote@gmail.com', 27, 'small', 3),
('blueberrycompote@gmail.com', 42, 'small', 3),
('boysenberry@gmail.com', 29, 'small', 2),
('boysenberry@gmail.com', 40, 'small', 1),
('boysenberry@gmail.com', 48, 'small', 3),
('broccolisoup@gmail.com', 6, 'small', 1),
('broccolisoup@gmail.com', 18, 'small', 3),
('broccolisoup@gmail.com', 33, 'small', 2),
('butterscotch@gmail.com', 5, 'small', 2),
('butterscotch@gmail.com', 10, 'small', 1),
('butterscotch@gmail.com', 53, 'small', 1),
('caoviethuy22@gmail.com@gmail.com', 29, 'small', 2),
('caoviethuy22@gmail.com@gmail.com', 38, 'small', 3),
('caoviethuy22@gmail.com@gmail.com', 41, 'small', 3),
('caramelcorn@gmail.com', 13, 'small', 2),
('caramelcorn@gmail.com', 38, 'small', 3),
('caramelcorn@gmail.com', 47, 'small', 3),
('carrotcake@gmail.com', 3, 'small', 1),
('carrotcake@gmail.com', 7, 'small', 1),
('carrotcake@gmail.com', 34, 'small', 2),
('cashewbutter@gmail.com', 1, 'small', 2),
('cashewbutter@gmail.com', 14, 'small', 2),
('cashewbutter@gmail.com', 47, 'small', 2),
('cherrypie@gmail.com', 2, 'small', 1),
('cherrypie@gmail.com', 26, 'small', 3),
('cherrypie@gmail.com', 52, 'small', 3),
('chestnutroast@gmail.com', 10, 'small', 3),
('chestnutroast@gmail.com', 34, 'small', 3),
('chestnutroast@gmail.com', 48, 'small', 1),
('chocolatechip@gmail.com', 8, 'small', 3),
('chocolatechip@gmail.com', 32, 'small', 1),
('chocolatechip@gmail.com', 48, 'small', 1),
('cinnamonroll@gmail.com', 28, 'small', 2),
('cinnamonroll@gmail.com', 47, 'small', 3),
('cinnamonroll@gmail.com', 48, 'small', 1),
('coconutmilk@gmail.com', 9, 'small', 3),
('coconutmilk@gmail.com', 27, 'small', 2),
('coconutmilk@gmail.com', 48, 'small', 2),
('cornonthecob@gmail.com', 15, 'small', 2),
('cornonthecob@gmail.com', 22, 'small', 3),
('cornonthecob@gmail.com', 29, 'small', 3),
('cornsyrup@gmail.com', 1, 'small', 1),
('cornsyrup@gmail.com', 16, 'small', 1),
('cornsyrup@gmail.com', 52, 'small', 2),
('cottoncandy@gmail.com', 2, 'small', 3),
('cottoncandy@gmail.com', 3, 'small', 1),
('cottoncandy@gmail.com', 34, 'small', 1),
('cranberryrelish@gmail.com', 2, 'small', 1),
('cranberryrelish@gmail.com', 42, 'small', 2),
('cranberryrelish@gmail.com', 48, 'small', 1),
('cucumber@gmail.com', 5, 'small', 2),
('cucumber@gmail.com', 8, 'small', 3),
('cucumber@gmail.com', 27, 'small', 2),
('cvh181244@gmail.com', 6, 'small', 2),
('cvh181244@gmail.com', 10, 'small', 3),
('cvh181244@gmail.com', 33, 'small', 2),
('datesyrup@gmail.com', 17, 'small', 2),
('datesyrup@gmail.com', 29, 'small', 2),
('datesyrup@gmail.com', 48, 'small', 3),
('dragonfruit@gmail.com', 14, 'small', 2),
('dragonfruit@gmail.com', 15, 'small', 2),
('dragonfruit@gmail.com', 47, 'small', 2),
('figjam@gmail.com', 10, 'small', 1),
('figjam@gmail.com', 26, 'small', 1),
('figjam@gmail.com', 29, 'small', 2),
('garlicbread@gmail.com', 36, 'small', 1),
('garlicbread@gmail.com', 38, 'small', 1),
('garlicbread@gmail.com', 43, 'small', 2),
('gewrg@gqegqw@gmail.com', 16, 'small', 1),
('gewrg@gqegqw@gmail.com', 24, 'small', 2),
('gewrg@gqegqw@gmail.com', 57, 'small', 3),
('gingerbread@gmail.com', 13, 'small', 3),
('gingerbread@gmail.com', 23, 'small', 1),
('gingerbread@gmail.com', 33, 'small', 3),
('gooseberrypie@gmail.com', 12, 'small', 3),
('gooseberrypie@gmail.com', 40, 'small', 3),
('gooseberrypie@gmail.com', 52, 'small', 2),
('grapefruit@gmail.com', 10, 'small', 3),
('grapefruit@gmail.com', 23, 'small', 3),
('grapefruit@gmail.com', 32, 'small', 3),
('grapejam@gmail.com', 15, 'small', 2),
('grapejam@gmail.com', 52, 'small', 2),
('grapejam@gmail.com', 54, 'small', 3),
('gummyworms@gmail.com', 5, 'small', 3),
('gummyworms@gmail.com', 10, 'small', 1),
('gummyworms@gmail.com', 48, 'small', 1),
('hazelnutcoffee@gmail.com', 6, 'small', 1),
('hazelnutcoffee@gmail.com', 24, 'small', 3),
('hazelnutcoffee@gmail.com', 44, 'small', 1),
('honeycomb@gmail.com', 3, 'small', 2),
('honeycomb@gmail.com', 14, 'small', 3),
('honeycomb@gmail.com', 27, 'small', 1),
('huckleberryjam@gmail.com', 9, 'small', 2),
('huckleberryjam@gmail.com', 19, 'small', 2),
('huckleberryjam@gmail.com', 42, 'small', 3),
('huyhuy123@hcmut.edu.vn@gmail.com', 7, 'small', 1),
('huyhuy123@hcmut.edu.vn@gmail.com', 16, 'small', 3),
('huyhuy123@hcmut.edu.vn@gmail.com', 25, 'small', 3),
('jellybeans@gmail.com', 5, 'small', 1),
('jellybeans@gmail.com', 20, 'small', 3),
('jellybeans@gmail.com', 51, 'small', 2),
('kiwismoothie@gmail.com', 15, 'small', 1),
('kiwismoothie@gmail.com', 25, 'small', 3),
('kiwismoothie@gmail.com', 36, 'small', 3),
('kumquatmarmalade@gmail.com', 15, 'small', 1),
('kumquatmarmalade@gmail.com', 41, 'small', 2),
('kumquatmarmalade@gmail.com', 48, 'small', 3),
('lemonade@gmail.com', 2, 'small', 2),
('lemonade@gmail.com', 24, 'small', 1),
('lemonade@gmail.com', 49, 'small', 2),
('lettucewraps@gmail.com', 2, 'small', 3),
('lettucewraps@gmail.com', 14, 'small', 3),
('lettucewraps@gmail.com', 29, 'small', 3),
('licorice@gmail.com', 3, 'small', 2),
('licorice@gmail.com', 22, 'small', 1),
('licorice@gmail.com', 25, 'small', 2),
('lollipop@gmail.com', 17, 'small', 1),
('lollipop@gmail.com', 20, 'small', 3),
('lollipop@gmail.com', 33, 'small', 3),
('lycheejelly@gmail.com', 2, 'small', 3),
('lycheejelly@gmail.com', 29, 'small', 1),
('lycheejelly@gmail.com', 51, 'small', 1),
('macadamianuts@gmail.com', 6, 'small', 3),
('macadamianuts@gmail.com', 20, 'small', 3),
('macadamianuts@gmail.com', 54, 'small', 2),
('mandarinorange@gmail.com', 20, 'small', 3),
('mandarinorange@gmail.com', 23, 'small', 2),
('mandarinorange@gmail.com', 27, 'small', 1),
('mangojuice@gmail.com', 22, 'small', 2),
('mangojuice@gmail.com', 28, 'small', 2),
('mangojuice@gmail.com', 33, 'small', 3),
('maplesyrup@gmail.com', 7, 'small', 2),
('maplesyrup@gmail.com', 22, 'small', 2),
('maplesyrup@gmail.com', 27, 'small', 3),
('marmalade@gmail.com', 10, 'small', 2),
('marmalade@gmail.com', 17, 'small', 3),
('marmalade@gmail.com', 20, 'small', 2),
('marshmallow@gmail.com', 13, 'small', 3),
('marshmallow@gmail.com', 27, 'small', 1),
('marshmallow@gmail.com', 28, 'small', 3),
('melonsorbet@gmail.com', 16, 'small', 1),
('melonsorbet@gmail.com', 23, 'small', 2),
('melonsorbet@gmail.com', 27, 'small', 2),
('mushroom@gmail.com', 29, 'small', 3),
('mushroom@gmail.com', 32, 'small', 2),
('mushroom@gmail.com', 38, 'small', 1),
('oatmealcookie@gmail.com', 9, 'small', 1),
('oatmealcookie@gmail.com', 38, 'small', 1),
('oatmealcookie@gmail.com', 48, 'small', 1),
('olivetapenade@gmail.com', 16, 'small', 1),
('olivetapenade@gmail.com', 31, 'small', 2),
('olivetapenade@gmail.com', 57, 'small', 1),
('onionrings@gmail.com', 22, 'small', 1),
('onionrings@gmail.com', 27, 'small', 1),
('onionrings@gmail.com', 32, 'small', 3),
('orangezest@gmail.com', 2, 'small', 1),
('orangezest@gmail.com', 8, 'small', 2),
('orangezest@gmail.com', 20, 'small', 1),
('papayapuree@gmail.com', 17, 'small', 3),
('papayapuree@gmail.com', 23, 'small', 3),
('papayapuree@gmail.com', 25, 'small', 1),
('peachcobbler@gmail.com', 1, 'small', 2),
('peachcobbler@gmail.com', 3, 'small', 1),
('peachcobbler@gmail.com', 24, 'small', 2),
('peanutbutter@gmail.com', 10, 'small', 2),
('peanutbutter@gmail.com', 12, 'small', 3),
('peanutbutter@gmail.com', 16, 'small', 1),
('pecanpie@gmail.com', 22, 'small', 1),
('pecanpie@gmail.com', 33, 'small', 3),
('pecanpie@gmail.com', 47, 'small', 1),
('peppermint@gmail.com', 16, 'small', 1),
('peppermint@gmail.com', 49, 'small', 1),
('peppermint@gmail.com', 53, 'small', 2),
('persimmonjam@gmail.com', 13, 'small', 1),
('persimmonjam@gmail.com', 25, 'small', 2),
('persimmonjam@gmail.com', 53, 'small', 2),
('phuc.dangphanminh@hcmut.edu.vn', 9, 'small', 2),
('phuc.dangphanminh@hcmut.edu.vn', 17, 'small', 2),
('phuc.dangphanminh@hcmut.edu.vn', 24, 'small', 3),
('pineapple@gmail.com', 33, 'small', 2),
('pineapple@gmail.com', 44, 'small', 3),
('pineapple@gmail.com', 53, 'small', 1),
('pistachiopudding@gmail.com', 19, 'small', 2),
('pistachiopudding@gmail.com', 27, 'small', 1),
('pistachiopudding@gmail.com', 29, 'small', 1),
('plumcobbler@gmail.com', 8, 'small', 2),
('plumcobbler@gmail.com', 13, 'small', 1),
('plumcobbler@gmail.com', 49, 'small', 1),
('popcornball@gmail.com', 17, 'small', 2),
('popcornball@gmail.com', 43, 'small', 3),
('popcornball@gmail.com', 57, 'small', 3),
('potatosalad@gmail.com', 7, 'small', 3),
('potatosalad@gmail.com', 16, 'small', 1),
('potatosalad@gmail.com', 24, 'small', 1),
('quinoasalad@gmail.com', 6, 'small', 1),
('quinoasalad@gmail.com', 36, 'small', 3),
('quinoasalad@gmail.com', 51, 'small', 1),
('qwfqw@gqwgfqw@gmail.com', 15, 'small', 3),
('qwfqw@gqwgfqw@gmail.com', 25, 'small', 2),
('qwfqw@gqwgfqw@gmail.com', 42, 'small', 1),
('raspberry@gmail.com', 15, 'small', 2),
('raspberry@gmail.com', 33, 'small', 1),
('raspberry@gmail.com', 36, 'small', 2),
('rhubarbjelly@gmail.com', 27, 'small', 3),
('rhubarbjelly@gmail.com', 43, 'small', 3),
('rhubarbjelly@gmail.com', 57, 'small', 3),
('ricepaperrolls@gmail.com', 1, 'small', 2),
('ricepaperrolls@gmail.com', 20, 'small', 2),
('ricepaperrolls@gmail.com', 24, 'small', 2),
('rockcandy@gmail.com', 13, 'small', 1),
('rockcandy@gmail.com', 14, 'small', 3),
('rockcandy@gmail.com', 15, 'small', 2),
('sesamecrackers@gmail.com', 19, 'small', 3),
('sesamecrackers@gmail.com', 23, 'small', 1),
('sesamecrackers@gmail.com', 24, 'small', 3),
('shortbread@gmail.com', 31, 'small', 1),
('shortbread@gmail.com', 33, 'small', 2),
('shortbread@gmail.com', 36, 'small', 2),
('spinach@gmail.com', 6, 'small', 2),
('spinach@gmail.com', 20, 'small', 1),
('spinach@gmail.com', 25, 'small', 1),
('strawberry@gmail.com', 16, 'small', 1),
('strawberry@gmail.com', 22, 'small', 3),
('strawberry@gmail.com', 31, 'small', 2),
('strawberryjam@gmail.com', 15, 'small', 3),
('strawberryjam@gmail.com', 22, 'small', 3),
('strawberryjam@gmail.com', 57, 'small', 3),
('taffycandy@gmail.com', 10, 'small', 3),
('taffycandy@gmail.com', 17, 'small', 2),
('taffycandy@gmail.com', 53, 'small', 3),
('tangerinetart@gmail.com', 6, 'small', 1),
('tangerinetart@gmail.com', 24, 'small', 1),
('tangerinetart@gmail.com', 44, 'small', 2),
('toffeecaramel@gmail.com', 24, 'small', 2),
('toffeecaramel@gmail.com', 33, 'small', 3),
('toffeecaramel@gmail.com', 51, 'small', 2),
('tomatosauce@gmail.com', 27, 'small', 2),
('tomatosauce@gmail.com', 41, 'small', 1),
('tomatosauce@gmail.com', 54, 'small', 1),
('vanillacupcake@gmail.com', 25, 'small', 1),
('vanillacupcake@gmail.com', 43, 'small', 1),
('vanillacupcake@gmail.com', 44, 'small', 1),
('walnutcake@gmail.com', 15, 'small', 1),
('walnutcake@gmail.com', 31, 'small', 1),
('walnutcake@gmail.com', 52, 'small', 2),
('watermelon@gmail.com', 25, 'small', 3),
('watermelon@gmail.com', 29, 'small', 2),
('watermelon@gmail.com', 34, 'small', 2),
('wfqwfqwf@gmail.com', 14, 'small', 2),
('wfqwfqwf@gmail.com', 24, 'small', 1),
('wfqwfqwf@gmail.com', 41, 'small', 1),
('zucchinibread@gmail.com', 3, 'small', 3),
('zucchinibread@gmail.com', 10, 'small', 2),
('zucchinibread@gmail.com', 48, 'small', 3);

-- --------------------------------------------------------

--
-- Table structure for table `customer_add_to_favourite_product`
--

DROP TABLE IF EXISTS `customer_add_to_favourite_product`;
CREATE TABLE IF NOT EXISTS `customer_add_to_favourite_product` (
  `customer_email` varchar(255) NOT NULL,
  `PID` int(11) NOT NULL,
  PRIMARY KEY (`customer_email`,`PID`),
  KEY `PID` (`PID`)
) ENGINE=InnoDB DEFAULT CHARSET=utf8mb4 COLLATE=utf8mb4_general_ci;

--
-- RELATIONSHIPS FOR TABLE `customer_add_to_favourite_product`:
--   `PID`
--       `product` -> `PID`
--   `customer_email`
--       `user` -> `email`
--

--
-- Dumping data for table `customer_add_to_favourite_product`
--

INSERT INTO `customer_add_to_favourite_product` (`customer_email`, `PID`) VALUES
('abc@gmail.com', 9),
('abc@gmail.com', 19),
('abc@gmail.com', 27),
('abc@gmail.com', 42),
('agavenectar@gmail.com', 5),
('agavenectar@gmail.com', 36),
('agavenectar@gmail.com', 47),
('agavenectar@gmail.com', 53),
('almondmilk@gmail.com', 9),
('almondmilk@gmail.com', 18),
('almondmilk@gmail.com', 36),
('almondmilk@gmail.com', 41),
('applepie@gmail.com', 7),
('applepie@gmail.com', 9),
('applepie@gmail.com', 17),
('applepie@gmail.com', 54),
('apricotjam@gmail.com', 7),
('apricotjam@gmail.com', 23),
('apricotjam@gmail.com', 54),
('apricotjam@gmail.com', 57),
('apricotpreserve@gmail.com', 1),
('apricotpreserve@gmail.com', 8),
('apricotpreserve@gmail.com', 27),
('apricotpreserve@gmail.com', 52),
('avocadosalad@gmail.com', 17),
('avocadosalad@gmail.com', 26),
('avocadosalad@gmail.com', 27),
('avocadosalad@gmail.com', 54),
('bananabread@gmail.com', 14),
('bananabread@gmail.com', 48),
('bananabread@gmail.com', 49),
('bananabread@gmail.com', 57),
('bellpepper@gmail.com', 7),
('bellpepper@gmail.com', 20),
('bellpepper@gmail.com', 40),
('bellpepper@gmail.com', 52),
('blackberry@gmail.com', 20),
('blackberry@gmail.com', 41),
('blackberry@gmail.com', 51),
('blackberry@gmail.com', 52),
('blackcurrant@gmail.com', 1),
('blackcurrant@gmail.com', 3),
('blackcurrant@gmail.com', 18),
('blackcurrant@gmail.com', 27),
('blueberry@gmail.com', 1),
('blueberry@gmail.com', 18),
('blueberry@gmail.com', 38),
('blueberry@gmail.com', 53),
('blueberrycompote@gmail.com', 5),
('blueberrycompote@gmail.com', 6),
('blueberrycompote@gmail.com', 15),
('blueberrycompote@gmail.com', 57),
('boysenberry@gmail.com', 3),
('boysenberry@gmail.com', 19),
('boysenberry@gmail.com', 22),
('boysenberry@gmail.com', 27),
('broccolisoup@gmail.com', 17),
('broccolisoup@gmail.com', 42),
('broccolisoup@gmail.com', 44),
('broccolisoup@gmail.com', 53),
('butterscotch@gmail.com', 26),
('butterscotch@gmail.com', 34),
('butterscotch@gmail.com', 36),
('butterscotch@gmail.com', 57),
('caoviethuy22@gmail.com@gmail.com', 10),
('caoviethuy22@gmail.com@gmail.com', 27),
('caoviethuy22@gmail.com@gmail.com', 38),
('caoviethuy22@gmail.com@gmail.com', 54),
('caramelcorn@gmail.com', 7),
('caramelcorn@gmail.com', 10),
('caramelcorn@gmail.com', 36),
('caramelcorn@gmail.com', 42),
('carrotcake@gmail.com', 7),
('carrotcake@gmail.com', 29),
('carrotcake@gmail.com', 33),
('carrotcake@gmail.com', 57),
('cashewbutter@gmail.com', 10),
('cashewbutter@gmail.com', 13),
('cashewbutter@gmail.com', 42),
('cashewbutter@gmail.com', 47),
('cherrypie@gmail.com', 13),
('cherrypie@gmail.com', 29),
('cherrypie@gmail.com', 38),
('cherrypie@gmail.com', 40),
('chestnutroast@gmail.com', 3),
('chestnutroast@gmail.com', 8),
('chestnutroast@gmail.com', 9),
('chestnutroast@gmail.com', 29),
('chocolatechip@gmail.com', 8),
('chocolatechip@gmail.com', 10),
('chocolatechip@gmail.com', 15),
('chocolatechip@gmail.com', 53),
('cinnamonroll@gmail.com', 15),
('cinnamonroll@gmail.com', 19),
('cinnamonroll@gmail.com', 51),
('cinnamonroll@gmail.com', 53),
('coconutmilk@gmail.com', 3),
('coconutmilk@gmail.com', 31),
('coconutmilk@gmail.com', 44),
('coconutmilk@gmail.com', 49),
('cornonthecob@gmail.com', 7),
('cornonthecob@gmail.com', 17),
('cornonthecob@gmail.com', 32),
('cornonthecob@gmail.com', 51),
('cornsyrup@gmail.com', 8),
('cornsyrup@gmail.com', 10),
('cornsyrup@gmail.com', 27),
('cornsyrup@gmail.com', 38),
('cottoncandy@gmail.com', 5),
('cottoncandy@gmail.com', 7),
('cottoncandy@gmail.com', 10),
('cottoncandy@gmail.com', 43),
('cranberryrelish@gmail.com', 1),
('cranberryrelish@gmail.com', 12),
('cranberryrelish@gmail.com', 42),
('cranberryrelish@gmail.com', 52),
('cucumber@gmail.com', 9),
('cucumber@gmail.com', 23),
('cucumber@gmail.com', 25),
('cucumber@gmail.com', 44),
('cvh181244@gmail.com', 5),
('cvh181244@gmail.com', 6),
('cvh181244@gmail.com', 32),
('cvh181244@gmail.com', 48),
('datesyrup@gmail.com', 17),
('datesyrup@gmail.com', 28),
('datesyrup@gmail.com', 29),
('datesyrup@gmail.com', 48),
('dragonfruit@gmail.com', 8),
('dragonfruit@gmail.com', 19),
('dragonfruit@gmail.com', 42),
('dragonfruit@gmail.com', 54),
('figjam@gmail.com', 2),
('figjam@gmail.com', 19),
('figjam@gmail.com', 31),
('figjam@gmail.com', 38),
('garlicbread@gmail.com', 10),
('garlicbread@gmail.com', 12),
('garlicbread@gmail.com', 53),
('garlicbread@gmail.com', 54),
('gewrg@gqegqw@gmail.com', 9),
('gewrg@gqegqw@gmail.com', 18),
('gewrg@gqegqw@gmail.com', 48),
('gewrg@gqegqw@gmail.com', 53),
('gingerbread@gmail.com', 7),
('gingerbread@gmail.com', 18),
('gingerbread@gmail.com', 32),
('gingerbread@gmail.com', 51),
('gooseberrypie@gmail.com', 26),
('gooseberrypie@gmail.com', 36),
('gooseberrypie@gmail.com', 40),
('gooseberrypie@gmail.com', 42),
('grapefruit@gmail.com', 1),
('grapefruit@gmail.com', 19),
('grapefruit@gmail.com', 25),
('grapefruit@gmail.com', 38),
('grapejam@gmail.com', 22),
('grapejam@gmail.com', 24),
('grapejam@gmail.com', 32),
('grapejam@gmail.com', 47),
('gummyworms@gmail.com', 3),
('gummyworms@gmail.com', 13),
('gummyworms@gmail.com', 48),
('gummyworms@gmail.com', 57),
('hazelnutcoffee@gmail.com', 7),
('hazelnutcoffee@gmail.com', 8),
('hazelnutcoffee@gmail.com', 23),
('hazelnutcoffee@gmail.com', 26),
('honeycomb@gmail.com', 1),
('honeycomb@gmail.com', 3),
('honeycomb@gmail.com', 8),
('honeycomb@gmail.com', 17),
('huckleberryjam@gmail.com', 3),
('huckleberryjam@gmail.com', 9),
('huckleberryjam@gmail.com', 14),
('huckleberryjam@gmail.com', 34),
('huyhuy123@hcmut.edu.vn@gmail.com', 3),
('huyhuy123@hcmut.edu.vn@gmail.com', 19),
('huyhuy123@hcmut.edu.vn@gmail.com', 20),
('huyhuy123@hcmut.edu.vn@gmail.com', 42),
('jellybeans@gmail.com', 8),
('jellybeans@gmail.com', 26),
('jellybeans@gmail.com', 36),
('jellybeans@gmail.com', 42),
('kiwismoothie@gmail.com', 2),
('kiwismoothie@gmail.com', 19),
('kiwismoothie@gmail.com', 25),
('kiwismoothie@gmail.com', 51),
('kumquatmarmalade@gmail.com', 1),
('kumquatmarmalade@gmail.com', 28),
('kumquatmarmalade@gmail.com', 40),
('kumquatmarmalade@gmail.com', 53),
('lemonade@gmail.com', 1),
('lemonade@gmail.com', 10),
('lemonade@gmail.com', 28),
('lemonade@gmail.com', 49),
('lettucewraps@gmail.com', 5),
('lettucewraps@gmail.com', 13),
('lettucewraps@gmail.com', 17),
('lettucewraps@gmail.com', 31),
('licorice@gmail.com', 1),
('licorice@gmail.com', 15),
('licorice@gmail.com', 19),
('licorice@gmail.com', 43),
('lollipop@gmail.com', 6),
('lollipop@gmail.com', 10),
('lollipop@gmail.com', 17),
('lollipop@gmail.com', 18),
('lycheejelly@gmail.com', 20),
('lycheejelly@gmail.com', 33),
('lycheejelly@gmail.com', 43),
('lycheejelly@gmail.com', 47),
('macadamianuts@gmail.com', 6),
('macadamianuts@gmail.com', 9),
('macadamianuts@gmail.com', 32),
('macadamianuts@gmail.com', 38),
('mandarinorange@gmail.com', 12),
('mandarinorange@gmail.com', 18),
('mandarinorange@gmail.com', 49),
('mandarinorange@gmail.com', 54),
('mangojuice@gmail.com', 5),
('mangojuice@gmail.com', 7),
('mangojuice@gmail.com', 43),
('mangojuice@gmail.com', 47),
('maplesyrup@gmail.com', 14),
('maplesyrup@gmail.com', 36),
('maplesyrup@gmail.com', 44),
('maplesyrup@gmail.com', 48),
('marmalade@gmail.com', 13),
('marmalade@gmail.com', 16),
('marmalade@gmail.com', 26),
('marmalade@gmail.com', 28),
('marshmallow@gmail.com', 10),
('marshmallow@gmail.com', 14),
('marshmallow@gmail.com', 19),
('marshmallow@gmail.com', 31),
('melonsorbet@gmail.com', 22),
('melonsorbet@gmail.com', 34),
('melonsorbet@gmail.com', 41),
('melonsorbet@gmail.com', 47),
('mushroom@gmail.com', 8),
('mushroom@gmail.com', 19),
('mushroom@gmail.com', 31),
('mushroom@gmail.com', 53),
('oatmealcookie@gmail.com', 5),
('oatmealcookie@gmail.com', 9),
('oatmealcookie@gmail.com', 12),
('oatmealcookie@gmail.com', 42),
('olivetapenade@gmail.com', 1),
('olivetapenade@gmail.com', 16),
('olivetapenade@gmail.com', 27),
('olivetapenade@gmail.com', 38),
('onionrings@gmail.com', 1),
('onionrings@gmail.com', 25),
('onionrings@gmail.com', 28),
('onionrings@gmail.com', 29),
('orangezest@gmail.com', 6),
('orangezest@gmail.com', 9),
('orangezest@gmail.com', 12),
('orangezest@gmail.com', 51),
('papayapuree@gmail.com', 9),
('papayapuree@gmail.com', 17),
('papayapuree@gmail.com', 32),
('papayapuree@gmail.com', 52),
('peachcobbler@gmail.com', 16),
('peachcobbler@gmail.com', 23),
('peachcobbler@gmail.com', 38),
('peachcobbler@gmail.com', 53),
('peanutbutter@gmail.com', 14),
('peanutbutter@gmail.com', 18),
('peanutbutter@gmail.com', 24),
('peanutbutter@gmail.com', 42),
('pecanpie@gmail.com', 16),
('pecanpie@gmail.com', 19),
('pecanpie@gmail.com', 33),
('pecanpie@gmail.com', 54),
('peppermint@gmail.com', 26),
('peppermint@gmail.com', 28),
('peppermint@gmail.com', 44),
('peppermint@gmail.com', 52),
('persimmonjam@gmail.com', 2),
('persimmonjam@gmail.com', 14),
('persimmonjam@gmail.com', 18),
('persimmonjam@gmail.com', 29),
('phuc.dangphanminh@hcmut.edu.vn', 24),
('phuc.dangphanminh@hcmut.edu.vn', 25),
('phuc.dangphanminh@hcmut.edu.vn', 52),
('phuc.dangphanminh@hcmut.edu.vn', 54),
('pineapple@gmail.com', 14),
('pineapple@gmail.com', 22),
('pineapple@gmail.com', 26),
('pineapple@gmail.com', 43),
('pistachiopudding@gmail.com', 6),
('pistachiopudding@gmail.com', 16),
('pistachiopudding@gmail.com', 42),
('pistachiopudding@gmail.com', 54),
('plumcobbler@gmail.com', 10),
('plumcobbler@gmail.com', 18),
('plumcobbler@gmail.com', 25),
('plumcobbler@gmail.com', 36),
('popcornball@gmail.com', 5),
('popcornball@gmail.com', 23),
('popcornball@gmail.com', 53),
('popcornball@gmail.com', 54),
('potatosalad@gmail.com', 8),
('potatosalad@gmail.com', 24),
('potatosalad@gmail.com', 42),
('potatosalad@gmail.com', 49),
('quinoasalad@gmail.com', 1),
('quinoasalad@gmail.com', 2),
('quinoasalad@gmail.com', 3),
('quinoasalad@gmail.com', 51),
('qwfqw@gqwgfqw@gmail.com', 1),
('qwfqw@gqwgfqw@gmail.com', 26),
('qwfqw@gqwgfqw@gmail.com', 40),
('qwfqw@gqwgfqw@gmail.com', 52),
('raspberry@gmail.com', 3),
('raspberry@gmail.com', 23),
('raspberry@gmail.com', 26),
('raspberry@gmail.com', 29),
('rhubarbjelly@gmail.com', 3),
('rhubarbjelly@gmail.com', 36),
('rhubarbjelly@gmail.com', 38),
('rhubarbjelly@gmail.com', 44),
('ricepaperrolls@gmail.com', 6),
('ricepaperrolls@gmail.com', 40),
('ricepaperrolls@gmail.com', 42),
('ricepaperrolls@gmail.com', 54),
('rockcandy@gmail.com', 24),
('rockcandy@gmail.com', 31),
('rockcandy@gmail.com', 38),
('rockcandy@gmail.com', 51),
('sesamecrackers@gmail.com', 8),
('sesamecrackers@gmail.com', 27),
('sesamecrackers@gmail.com', 47),
('sesamecrackers@gmail.com', 48),
('shortbread@gmail.com', 6),
('shortbread@gmail.com', 22),
('shortbread@gmail.com', 26),
('shortbread@gmail.com', 52),
('spinach@gmail.com', 15),
('spinach@gmail.com', 23),
('spinach@gmail.com', 24),
('spinach@gmail.com', 38),
('strawberry@gmail.com', 9),
('strawberry@gmail.com', 14),
('strawberry@gmail.com', 22),
('strawberry@gmail.com', 48),
('strawberryjam@gmail.com', 9),
('strawberryjam@gmail.com', 16),
('strawberryjam@gmail.com', 33),
('strawberryjam@gmail.com', 54),
('taffycandy@gmail.com', 2),
('taffycandy@gmail.com', 17),
('taffycandy@gmail.com', 31),
('taffycandy@gmail.com', 41),
('tangerinetart@gmail.com', 15),
('tangerinetart@gmail.com', 36),
('tangerinetart@gmail.com', 42),
('tangerinetart@gmail.com', 47),
('toffeecaramel@gmail.com', 5),
('toffeecaramel@gmail.com', 38),
('toffeecaramel@gmail.com', 40),
('toffeecaramel@gmail.com', 47),
('tomatosauce@gmail.com', 9),
('tomatosauce@gmail.com', 15),
('tomatosauce@gmail.com', 38),
('tomatosauce@gmail.com', 49),
('vanillacupcake@gmail.com', 10),
('vanillacupcake@gmail.com', 29),
('vanillacupcake@gmail.com', 36),
('vanillacupcake@gmail.com', 41),
('walnutcake@gmail.com', 15),
('walnutcake@gmail.com', 43),
('walnutcake@gmail.com', 44),
('walnutcake@gmail.com', 47),
('watermelon@gmail.com', 10),
('watermelon@gmail.com', 13),
('watermelon@gmail.com', 24),
('watermelon@gmail.com', 51),
('wfqwfqwf@gmail.com', 20),
('wfqwfqwf@gmail.com', 27),
('wfqwfqwf@gmail.com', 36),
('wfqwfqwf@gmail.com', 43),
('zucchinibread@gmail.com', 17),
('zucchinibread@gmail.com', 22),
('zucchinibread@gmail.com', 26),
('zucchinibread@gmail.com', 28);

-- --------------------------------------------------------

--
-- Table structure for table `product_image_src`
--

DROP TABLE IF EXISTS `product_image_src`;
CREATE TABLE IF NOT EXISTS `product_image_src` (
  `PID` int(11) NOT NULL,
  `image_src` varchar(255) NOT NULL,
  PRIMARY KEY (`PID`,`image_src`)
) ENGINE=InnoDB DEFAULT CHARSET=utf8mb4 COLLATE=utf8mb4_general_ci;

--
-- RELATIONSHIPS FOR TABLE `product_image_src`:
--   `PID`
--       `product` -> `PID`
--

--
-- Dumping data for table `product_image_src`
--

INSERT INTO `product_image_src` (`PID`, `image_src`) VALUES
(1, 'https://trungnguyenecoffee.com/wp-content/uploads/2020/08/pasiona-1.png'),
(1, 'https://trungnguyenecoffee.com/wp-content/uploads/2021/07/CP-3-1536x1357.jpg'),
(1, 'https://trungnguyenecoffee.com/wp-content/uploads/2021/07/ST1-340g-1536x1357.jpg'),
(1, 'https://trungnguyenecoffee.com/wp-content/uploads/2021/07/ST8-250g.jpg'),
(2, 'https://trungnguyenecoffee.com/wp-content/uploads/2020/08/pasiona-1.png'),
(2, 'https://trungnguyenecoffee.com/wp-content/uploads/2021/07/CP-3-1536x1357.jpg'),
(2, 'https://trungnguyenecoffee.com/wp-content/uploads/2021/07/ST1-340g-1536x1357.jpg'),
(2, 'https://trungnguyenecoffee.com/wp-content/uploads/2021/07/ST8-250g.jpg'),
(3, 'https://trungnguyenecoffee.com/wp-content/uploads/2020/08/pasiona-1.png'),
(3, 'https://trungnguyenecoffee.com/wp-content/uploads/2021/07/CP-3-1536x1357.jpg'),
(3, 'https://trungnguyenecoffee.com/wp-content/uploads/2021/07/ST1-340g-1536x1357.jpg'),
(3, 'https://trungnguyenecoffee.com/wp-content/uploads/2021/07/ST8-250g.jpg'),
(5, 'https://trungnguyenecoffee.com/wp-content/uploads/2020/08/pasiona-1.png'),
(5, 'https://trungnguyenecoffee.com/wp-content/uploads/2021/07/CP-3-1536x1357.jpg'),
(5, 'https://trungnguyenecoffee.com/wp-content/uploads/2021/07/ST1-340g-1536x1357.jpg'),
(5, 'https://trungnguyenecoffee.com/wp-content/uploads/2021/07/ST8-250g.jpg'),
(6, 'https://trungnguyenecoffee.com/wp-content/uploads/2020/08/pasiona-1.png'),
(6, 'https://trungnguyenecoffee.com/wp-content/uploads/2021/07/CP-3-1536x1357.jpg'),
(6, 'https://trungnguyenecoffee.com/wp-content/uploads/2021/07/ST1-340g-1536x1357.jpg'),
(6, 'https://trungnguyenecoffee.com/wp-content/uploads/2021/07/ST8-250g.jpg'),
(7, 'https://trungnguyenecoffee.com/wp-content/uploads/2020/08/pasiona-1.png'),
(7, 'https://trungnguyenecoffee.com/wp-content/uploads/2021/07/CP-3-1536x1357.jpg'),
(7, 'https://trungnguyenecoffee.com/wp-content/uploads/2021/07/ST1-340g-1536x1357.jpg'),
(7, 'https://trungnguyenecoffee.com/wp-content/uploads/2021/07/ST8-250g.jpg'),
(8, 'https://trungnguyenecoffee.com/wp-content/uploads/2020/08/pasiona-1.png'),
(8, 'https://trungnguyenecoffee.com/wp-content/uploads/2021/07/CP-3-1536x1357.jpg'),
(8, 'https://trungnguyenecoffee.com/wp-content/uploads/2021/07/ST1-340g-1536x1357.jpg'),
(8, 'https://trungnguyenecoffee.com/wp-content/uploads/2021/07/ST8-250g.jpg'),
(9, 'https://trungnguyenecoffee.com/wp-content/uploads/2020/08/pasiona-1.png'),
(9, 'https://trungnguyenecoffee.com/wp-content/uploads/2021/07/CP-3-1536x1357.jpg'),
(9, 'https://trungnguyenecoffee.com/wp-content/uploads/2021/07/ST1-340g-1536x1357.jpg'),
(9, 'https://trungnguyenecoffee.com/wp-content/uploads/2021/07/ST8-250g.jpg'),
(10, 'https://trungnguyenecoffee.com/wp-content/uploads/2020/08/pasiona-1.png'),
(10, 'https://trungnguyenecoffee.com/wp-content/uploads/2021/07/CP-3-1536x1357.jpg'),
(10, 'https://trungnguyenecoffee.com/wp-content/uploads/2021/07/ST1-340g-1536x1357.jpg'),
(10, 'https://trungnguyenecoffee.com/wp-content/uploads/2021/07/ST8-250g.jpg'),
(12, 'https://trungnguyenecoffee.com/wp-content/uploads/2020/08/pasiona-1.png'),
(12, 'https://trungnguyenecoffee.com/wp-content/uploads/2021/07/CP-3-1536x1357.jpg'),
(12, 'https://trungnguyenecoffee.com/wp-content/uploads/2021/07/ST1-340g-1536x1357.jpg'),
(12, 'https://trungnguyenecoffee.com/wp-content/uploads/2021/07/ST8-250g.jpg'),
(13, 'https://trungnguyenecoffee.com/wp-content/uploads/2020/08/pasiona-1.png'),
(13, 'https://trungnguyenecoffee.com/wp-content/uploads/2021/07/CP-3-1536x1357.jpg'),
(13, 'https://trungnguyenecoffee.com/wp-content/uploads/2021/07/ST1-340g-1536x1357.jpg'),
(13, 'https://trungnguyenecoffee.com/wp-content/uploads/2021/07/ST8-250g.jpg'),
(14, 'https://trungnguyenecoffee.com/wp-content/uploads/2020/08/pasiona-1.png'),
(14, 'https://trungnguyenecoffee.com/wp-content/uploads/2021/07/CP-3-1536x1357.jpg'),
(14, 'https://trungnguyenecoffee.com/wp-content/uploads/2021/07/ST1-340g-1536x1357.jpg'),
(14, 'https://trungnguyenecoffee.com/wp-content/uploads/2021/07/ST8-250g.jpg'),
(15, 'https://trungnguyenecoffee.com/wp-content/uploads/2020/08/pasiona-1.png'),
(15, 'https://trungnguyenecoffee.com/wp-content/uploads/2021/07/CP-3-1536x1357.jpg'),
(15, 'https://trungnguyenecoffee.com/wp-content/uploads/2021/07/ST1-340g-1536x1357.jpg'),
(15, 'https://trungnguyenecoffee.com/wp-content/uploads/2021/07/ST8-250g.jpg'),
(16, 'https://trungnguyenecoffee.com/wp-content/uploads/2020/08/pasiona-1.png'),
(16, 'https://trungnguyenecoffee.com/wp-content/uploads/2021/07/CP-3-1536x1357.jpg'),
(16, 'https://trungnguyenecoffee.com/wp-content/uploads/2021/07/ST1-340g-1536x1357.jpg'),
(16, 'https://trungnguyenecoffee.com/wp-content/uploads/2021/07/ST8-250g.jpg'),
(17, 'https://trungnguyenecoffee.com/wp-content/uploads/2020/08/pasiona-1.png'),
(17, 'https://trungnguyenecoffee.com/wp-content/uploads/2021/07/CP-3-1536x1357.jpg'),
(17, 'https://trungnguyenecoffee.com/wp-content/uploads/2021/07/ST1-340g-1536x1357.jpg'),
(17, 'https://trungnguyenecoffee.com/wp-content/uploads/2021/07/ST8-250g.jpg'),
(18, 'https://trungnguyenecoffee.com/wp-content/uploads/2020/08/pasiona-1.png'),
(18, 'https://trungnguyenecoffee.com/wp-content/uploads/2021/07/CP-3-1536x1357.jpg'),
(18, 'https://trungnguyenecoffee.com/wp-content/uploads/2021/07/ST1-340g-1536x1357.jpg'),
(18, 'https://trungnguyenecoffee.com/wp-content/uploads/2021/07/ST8-250g.jpg'),
(19, 'https://trungnguyenecoffee.com/wp-content/uploads/2020/08/pasiona-1.png'),
(19, 'https://trungnguyenecoffee.com/wp-content/uploads/2021/07/CP-3-1536x1357.jpg'),
(19, 'https://trungnguyenecoffee.com/wp-content/uploads/2021/07/ST1-340g-1536x1357.jpg'),
(19, 'https://trungnguyenecoffee.com/wp-content/uploads/2021/07/ST8-250g.jpg'),
(20, 'https://trungnguyenecoffee.com/wp-content/uploads/2020/08/pasiona-1.png'),
(20, 'https://trungnguyenecoffee.com/wp-content/uploads/2021/07/CP-3-1536x1357.jpg'),
(20, 'https://trungnguyenecoffee.com/wp-content/uploads/2021/07/ST1-340g-1536x1357.jpg'),
(20, 'https://trungnguyenecoffee.com/wp-content/uploads/2021/07/ST8-250g.jpg'),
(22, 'https://trungnguyenecoffee.com/wp-content/uploads/2020/08/pasiona-1.png'),
(22, 'https://trungnguyenecoffee.com/wp-content/uploads/2021/07/CP-3-1536x1357.jpg'),
(22, 'https://trungnguyenecoffee.com/wp-content/uploads/2021/07/ST1-340g-1536x1357.jpg'),
(22, 'https://trungnguyenecoffee.com/wp-content/uploads/2021/07/ST8-250g.jpg'),
(23, 'https://trungnguyenecoffee.com/wp-content/uploads/2020/08/pasiona-1.png'),
(23, 'https://trungnguyenecoffee.com/wp-content/uploads/2021/07/CP-3-1536x1357.jpg'),
(23, 'https://trungnguyenecoffee.com/wp-content/uploads/2021/07/ST1-340g-1536x1357.jpg'),
(23, 'https://trungnguyenecoffee.com/wp-content/uploads/2021/07/ST8-250g.jpg'),
(24, 'https://trungnguyenecoffee.com/wp-content/uploads/2020/08/pasiona-1.png'),
(24, 'https://trungnguyenecoffee.com/wp-content/uploads/2021/07/CP-3-1536x1357.jpg'),
(24, 'https://trungnguyenecoffee.com/wp-content/uploads/2021/07/ST1-340g-1536x1357.jpg'),
(24, 'https://trungnguyenecoffee.com/wp-content/uploads/2021/07/ST8-250g.jpg'),
(25, 'https://trungnguyenecoffee.com/wp-content/uploads/2020/08/pasiona-1.png'),
(25, 'https://trungnguyenecoffee.com/wp-content/uploads/2021/07/CP-3-1536x1357.jpg'),
(25, 'https://trungnguyenecoffee.com/wp-content/uploads/2021/07/ST1-340g-1536x1357.jpg'),
(25, 'https://trungnguyenecoffee.com/wp-content/uploads/2021/07/ST8-250g.jpg'),
(26, 'https://trungnguyenecoffee.com/wp-content/uploads/2020/08/pasiona-1.png'),
(26, 'https://trungnguyenecoffee.com/wp-content/uploads/2021/07/CP-3-1536x1357.jpg'),
(26, 'https://trungnguyenecoffee.com/wp-content/uploads/2021/07/ST1-340g-1536x1357.jpg'),
(26, 'https://trungnguyenecoffee.com/wp-content/uploads/2021/07/ST8-250g.jpg'),
(27, 'https://trungnguyenecoffee.com/wp-content/uploads/2020/08/pasiona-1.png'),
(27, 'https://trungnguyenecoffee.com/wp-content/uploads/2021/07/CP-3-1536x1357.jpg'),
(27, 'https://trungnguyenecoffee.com/wp-content/uploads/2021/07/ST1-340g-1536x1357.jpg'),
(27, 'https://trungnguyenecoffee.com/wp-content/uploads/2021/07/ST8-250g.jpg'),
(28, 'https://trungnguyenecoffee.com/wp-content/uploads/2020/08/pasiona-1.png'),
(28, 'https://trungnguyenecoffee.com/wp-content/uploads/2021/07/CP-3-1536x1357.jpg'),
(28, 'https://trungnguyenecoffee.com/wp-content/uploads/2021/07/ST1-340g-1536x1357.jpg'),
(28, 'https://trungnguyenecoffee.com/wp-content/uploads/2021/07/ST8-250g.jpg'),
(29, 'https://trungnguyenecoffee.com/wp-content/uploads/2020/08/pasiona-1.png'),
(29, 'https://trungnguyenecoffee.com/wp-content/uploads/2021/07/CP-3-1536x1357.jpg'),
(29, 'https://trungnguyenecoffee.com/wp-content/uploads/2021/07/ST1-340g-1536x1357.jpg'),
(29, 'https://trungnguyenecoffee.com/wp-content/uploads/2021/07/ST8-250g.jpg'),
(31, 'https://trungnguyenecoffee.com/wp-content/uploads/2020/08/pasiona-1.png'),
(31, 'https://trungnguyenecoffee.com/wp-content/uploads/2021/07/CP-3-1536x1357.jpg'),
(31, 'https://trungnguyenecoffee.com/wp-content/uploads/2021/07/ST1-340g-1536x1357.jpg'),
(31, 'https://trungnguyenecoffee.com/wp-content/uploads/2021/07/ST8-250g.jpg'),
(32, 'https://trungnguyenecoffee.com/wp-content/uploads/2020/08/pasiona-1.png'),
(32, 'https://trungnguyenecoffee.com/wp-content/uploads/2021/07/CP-3-1536x1357.jpg'),
(32, 'https://trungnguyenecoffee.com/wp-content/uploads/2021/07/ST1-340g-1536x1357.jpg'),
(32, 'https://trungnguyenecoffee.com/wp-content/uploads/2021/07/ST8-250g.jpg'),
(33, 'https://trungnguyenecoffee.com/wp-content/uploads/2020/08/pasiona-1.png'),
(33, 'https://trungnguyenecoffee.com/wp-content/uploads/2021/07/CP-3-1536x1357.jpg'),
(33, 'https://trungnguyenecoffee.com/wp-content/uploads/2021/07/ST1-340g-1536x1357.jpg'),
(33, 'https://trungnguyenecoffee.com/wp-content/uploads/2021/07/ST8-250g.jpg'),
(34, 'https://trungnguyenecoffee.com/wp-content/uploads/2020/08/pasiona-1.png'),
(34, 'https://trungnguyenecoffee.com/wp-content/uploads/2021/07/CP-3-1536x1357.jpg'),
(34, 'https://trungnguyenecoffee.com/wp-content/uploads/2021/07/ST1-340g-1536x1357.jpg'),
(34, 'https://trungnguyenecoffee.com/wp-content/uploads/2021/07/ST8-250g.jpg'),
(36, 'https://trungnguyenecoffee.com/wp-content/uploads/2020/08/pasiona-1.png'),
(36, 'https://trungnguyenecoffee.com/wp-content/uploads/2021/07/CP-3-1536x1357.jpg'),
(36, 'https://trungnguyenecoffee.com/wp-content/uploads/2021/07/ST1-340g-1536x1357.jpg'),
(36, 'https://trungnguyenecoffee.com/wp-content/uploads/2021/07/ST8-250g.jpg'),
(38, 'https://trungnguyenecoffee.com/wp-content/uploads/2020/08/pasiona-1.png'),
(38, 'https://trungnguyenecoffee.com/wp-content/uploads/2021/07/CP-3-1536x1357.jpg'),
(38, 'https://trungnguyenecoffee.com/wp-content/uploads/2021/07/ST1-340g-1536x1357.jpg'),
(38, 'https://trungnguyenecoffee.com/wp-content/uploads/2021/07/ST8-250g.jpg'),
(40, 'https://trungnguyenecoffee.com/wp-content/uploads/2020/08/pasiona-1.png'),
(40, 'https://trungnguyenecoffee.com/wp-content/uploads/2021/07/CP-3-1536x1357.jpg'),
(40, 'https://trungnguyenecoffee.com/wp-content/uploads/2021/07/ST1-340g-1536x1357.jpg'),
(40, 'https://trungnguyenecoffee.com/wp-content/uploads/2021/07/ST8-250g.jpg'),
(41, 'https://trungnguyenecoffee.com/wp-content/uploads/2020/08/pasiona-1.png'),
(41, 'https://trungnguyenecoffee.com/wp-content/uploads/2021/07/CP-3-1536x1357.jpg'),
(41, 'https://trungnguyenecoffee.com/wp-content/uploads/2021/07/ST1-340g-1536x1357.jpg'),
(41, 'https://trungnguyenecoffee.com/wp-content/uploads/2021/07/ST8-250g.jpg'),
(42, 'https://trungnguyenecoffee.com/wp-content/uploads/2020/08/pasiona-1.png'),
(42, 'https://trungnguyenecoffee.com/wp-content/uploads/2021/07/CP-3-1536x1357.jpg'),
(42, 'https://trungnguyenecoffee.com/wp-content/uploads/2021/07/ST1-340g-1536x1357.jpg'),
(42, 'https://trungnguyenecoffee.com/wp-content/uploads/2021/07/ST8-250g.jpg'),
(43, 'https://trungnguyenecoffee.com/wp-content/uploads/2020/08/pasiona-1.png'),
(43, 'https://trungnguyenecoffee.com/wp-content/uploads/2021/07/CP-3-1536x1357.jpg'),
(43, 'https://trungnguyenecoffee.com/wp-content/uploads/2021/07/ST1-340g-1536x1357.jpg'),
(43, 'https://trungnguyenecoffee.com/wp-content/uploads/2021/07/ST8-250g.jpg'),
(44, 'https://trungnguyenecoffee.com/wp-content/uploads/2020/08/pasiona-1.png'),
(44, 'https://trungnguyenecoffee.com/wp-content/uploads/2021/07/CP-3-1536x1357.jpg'),
(44, 'https://trungnguyenecoffee.com/wp-content/uploads/2021/07/ST1-340g-1536x1357.jpg'),
(44, 'https://trungnguyenecoffee.com/wp-content/uploads/2021/07/ST8-250g.jpg'),
(47, 'https://trungnguyenecoffee.com/wp-content/uploads/2020/08/pasiona-1.png'),
(47, 'https://trungnguyenecoffee.com/wp-content/uploads/2021/07/CP-3-1536x1357.jpg'),
(47, 'https://trungnguyenecoffee.com/wp-content/uploads/2021/07/ST1-340g-1536x1357.jpg'),
(47, 'https://trungnguyenecoffee.com/wp-content/uploads/2021/07/ST8-250g.jpg'),
(48, 'https://trungnguyenecoffee.com/wp-content/uploads/2020/08/pasiona-1.png'),
(48, 'https://trungnguyenecoffee.com/wp-content/uploads/2021/07/CP-3-1536x1357.jpg'),
(48, 'https://trungnguyenecoffee.com/wp-content/uploads/2021/07/ST1-340g-1536x1357.jpg'),
(48, 'https://trungnguyenecoffee.com/wp-content/uploads/2021/07/ST8-250g.jpg'),
(49, 'https://trungnguyenecoffee.com/wp-content/uploads/2020/08/pasiona-1.png'),
(49, 'https://trungnguyenecoffee.com/wp-content/uploads/2021/07/CP-3-1536x1357.jpg'),
(49, 'https://trungnguyenecoffee.com/wp-content/uploads/2021/07/ST1-340g-1536x1357.jpg'),
(49, 'https://trungnguyenecoffee.com/wp-content/uploads/2021/07/ST8-250g.jpg'),
(51, 'https://trungnguyenecoffee.com/wp-content/uploads/2020/08/pasiona-1.png'),
(51, 'https://trungnguyenecoffee.com/wp-content/uploads/2021/07/CP-3-1536x1357.jpg'),
(51, 'https://trungnguyenecoffee.com/wp-content/uploads/2021/07/ST1-340g-1536x1357.jpg'),
(51, 'https://trungnguyenecoffee.com/wp-content/uploads/2021/07/ST8-250g.jpg'),
(52, 'https://trungnguyenecoffee.com/wp-content/uploads/2020/08/pasiona-1.png'),
(52, 'https://trungnguyenecoffee.com/wp-content/uploads/2021/07/CP-3-1536x1357.jpg'),
(52, 'https://trungnguyenecoffee.com/wp-content/uploads/2021/07/ST1-340g-1536x1357.jpg'),
(52, 'https://trungnguyenecoffee.com/wp-content/uploads/2021/07/ST8-250g.jpg'),
(53, 'https://trungnguyenecoffee.com/wp-content/uploads/2020/08/pasiona-1.png'),
(53, 'https://trungnguyenecoffee.com/wp-content/uploads/2021/07/CP-3-1536x1357.jpg'),
(53, 'https://trungnguyenecoffee.com/wp-content/uploads/2021/07/ST1-340g-1536x1357.jpg'),
(53, 'https://trungnguyenecoffee.com/wp-content/uploads/2021/07/ST8-250g.jpg'),
(54, 'https://trungnguyenecoffee.com/wp-content/uploads/2020/08/pasiona-1.png'),
(54, 'https://trungnguyenecoffee.com/wp-content/uploads/2021/07/CP-3-1536x1357.jpg'),
(54, 'https://trungnguyenecoffee.com/wp-content/uploads/2021/07/ST1-340g-1536x1357.jpg'),
(54, 'https://trungnguyenecoffee.com/wp-content/uploads/2021/07/ST8-250g.jpg'),
(57, 'https://trungnguyenecoffee.com/wp-content/uploads/2020/08/pasiona-1.png'),
(57, 'https://trungnguyenecoffee.com/wp-content/uploads/2021/07/CP-3-1536x1357.jpg'),
(57, 'https://trungnguyenecoffee.com/wp-content/uploads/2021/07/ST1-340g-1536x1357.jpg'),
(57, 'https://trungnguyenecoffee.com/wp-content/uploads/2021/07/ST8-250g.jpg');

-- --------------------------------------------------------

--
-- Table structure for table `product_similar_to_product`
--

DROP TABLE IF EXISTS `product_similar_to_product`;
CREATE TABLE IF NOT EXISTS `product_similar_to_product` (
  `PID` int(11) NOT NULL,
  `similar_PID` int(11) NOT NULL,
  PRIMARY KEY (`PID`,`similar_PID`),
  KEY `similar_PID` (`similar_PID`)
) ENGINE=InnoDB DEFAULT CHARSET=utf8mb4 COLLATE=utf8mb4_general_ci;

--
-- RELATIONSHIPS FOR TABLE `product_similar_to_product`:
--   `PID`
--       `product` -> `PID`
--   `similar_PID`
--       `product` -> `PID`
--

--
-- Dumping data for table `product_similar_to_product`
--

INSERT INTO `product_similar_to_product` (`PID`, `similar_PID`) VALUES
(1, 2),
(1, 10),
(1, 16),
(1, 17),
(1, 25),
(1, 48),
(1, 51),
(1, 57),
(2, 6),
(2, 9),
(3, 13),
(3, 14),
(3, 17),
(3, 23),
(3, 27),
(3, 33),
(3, 44),
(3, 54),
(5, 14),
(5, 17),
(5, 19),
(5, 23),
(5, 27),
(5, 33),
(5, 44),
(5, 47),
(5, 54),
(6, 17),
(6, 23),
(6, 25),
(6, 27),
(6, 49),
(6, 51),
(7, 2),
(7, 10),
(7, 16),
(7, 17),
(7, 25),
(7, 48),
(7, 51),
(7, 57),
(8, 13),
(8, 14),
(8, 17),
(8, 23),
(8, 27),
(8, 33),
(8, 44),
(8, 54),
(9, 53),
(9, 57),
(10, 13),
(10, 14),
(10, 17),
(10, 19),
(10, 23),
(10, 27),
(10, 33),
(10, 44),
(10, 54),
(12, 28),
(12, 34),
(13, 14),
(13, 17),
(13, 19),
(13, 23),
(13, 27),
(13, 33),
(13, 44),
(13, 47),
(13, 54),
(14, 28),
(14, 34),
(15, 17),
(15, 23),
(15, 27),
(16, 13),
(16, 14),
(16, 17),
(16, 23),
(16, 27),
(16, 33),
(16, 44),
(16, 54),
(17, 24),
(17, 27),
(17, 54),
(18, 19),
(18, 44),
(19, 13),
(19, 14),
(19, 17),
(19, 23),
(19, 27),
(19, 33),
(19, 44),
(19, 54),
(20, 2),
(20, 10),
(20, 16),
(20, 17),
(20, 25),
(20, 40),
(20, 48),
(20, 51),
(20, 57),
(22, 2),
(22, 10),
(22, 16),
(22, 17),
(22, 25),
(22, 48),
(22, 51),
(22, 57),
(23, 13),
(23, 14),
(23, 17),
(23, 23),
(23, 27),
(23, 33),
(23, 44),
(23, 54),
(24, 34),
(25, 13),
(25, 23),
(26, 17),
(26, 40),
(27, 10),
(27, 17),
(27, 40),
(28, 13),
(28, 44),
(29, 13),
(29, 14),
(29, 17),
(29, 23),
(29, 27),
(29, 33),
(29, 44),
(29, 54),
(31, 2),
(31, 10),
(31, 16),
(31, 17),
(31, 25),
(31, 48),
(31, 51),
(31, 57),
(32, 17),
(32, 23),
(32, 25),
(32, 27),
(32, 49),
(32, 51),
(33, 14),
(33, 17),
(33, 19),
(33, 23),
(33, 27),
(33, 33),
(33, 44),
(33, 47),
(33, 54),
(34, 10),
(34, 19),
(36, 13),
(36, 14),
(36, 17),
(36, 23),
(36, 27),
(36, 33),
(36, 44),
(36, 54),
(38, 17),
(38, 23),
(38, 27),
(40, 17),
(40, 23),
(40, 27),
(41, 13),
(41, 14),
(41, 17),
(41, 23),
(41, 27),
(41, 33),
(41, 44),
(41, 54),
(42, 2),
(42, 10),
(42, 16),
(42, 17),
(42, 25),
(42, 48),
(42, 51),
(42, 57),
(43, 28),
(44, 13),
(44, 14),
(44, 17),
(44, 19),
(44, 23),
(44, 27),
(44, 33),
(44, 44),
(44, 54),
(47, 14),
(47, 17),
(47, 19),
(47, 23),
(47, 27),
(47, 33),
(47, 44),
(47, 47),
(47, 54),
(48, 13),
(48, 14),
(48, 17),
(48, 23),
(48, 27),
(48, 33),
(48, 44),
(48, 54),
(49, 14),
(49, 17),
(49, 19),
(49, 23),
(49, 27),
(49, 33),
(49, 44),
(49, 47),
(49, 54),
(51, 10),
(51, 17),
(52, 2),
(52, 10),
(52, 16),
(52, 17),
(52, 25),
(52, 48),
(52, 51),
(52, 57),
(53, 17),
(53, 40),
(54, 28),
(54, 34),
(54, 36),
(57, 9),
(57, 18);

-- --------------------------------------------------------

--
-- Table structure for table `review`
--

DROP TABLE IF EXISTS `review`;
CREATE TABLE IF NOT EXISTS `review` (
  `PID` int(11) NOT NULL,
  `customer_email` varchar(255) NOT NULL,
  `RID` int(11) NOT NULL,
  `star` int(11) NOT NULL,
  `content` varchar(255) NOT NULL,
  PRIMARY KEY (`PID`,`customer_email`,`RID`),
  KEY `customer_email` (`customer_email`)
) ENGINE=InnoDB DEFAULT CHARSET=utf8mb4 COLLATE=utf8mb4_general_ci;

--
-- RELATIONSHIPS FOR TABLE `review`:
--   `customer_email`
--       `user` -> `email`
--   `PID`
--       `product` -> `PID`
--

--
-- Dumping data for table `review`
--

INSERT INTO `review` (`PID`, `customer_email`, `RID`, `star`, `content`) VALUES
(1, 'apricotpreserve@gmail.com', 152, 3, 'This coffee is a real treat. It\'s smooth, rich, and full of flavor.'),
(1, 'avocadosalad@gmail.com', 334, 3, 'I\'m thoroughly enjoying this coffee. It\'s smooth, flavorful, and oh-so-satisfying.'),
(1, 'cucumber@gmail.com', 65, 3, 'This coffee is a real winner in my book. It\'s smooth, bold, and absolutely delicious.'),
(1, 'garlicbread@gmail.com', 53, 5, 'From the aroma to the taste, this coffee is perfection. I can\'t get enough of it.'),
(1, 'kiwismoothie@gmail.com', 208, 4, 'I\'m blown away by the smoothness of this coffee. It\'s like silk in a cup.'),
(1, 'lemonade@gmail.com', 2, 4, 'This coffee has exceeded my expectations. It\'s smooth, flavorful, and downright addictive.'),
(1, 'peachcobbler@gmail.com', 387, 3, 'This coffee is absolutely delicious! It\'s rich, smooth, and has the perfect balance of flavors.'),
(1, 'rhubarbjelly@gmail.com', 116, 3, 'This coffee is a real game-changer for me. It\'s smooth, bold, and incredibly satisfying.'),
(1, 'spinach@gmail.com', 22, 4, 'This coffee has become a staple in my daily routine. It\'s just that good.'),
(1, 'vanillacupcake@gmail.com', 271, 4, 'This coffee is a real winner in my book. It\'s smooth, bold, and absolutely delicious.'),
(1, 'walnutcake@gmail.com', 225, 4, 'This coffee is the perfect way to start my day. It\'s smooth, bold, and full of flavor.'),
(2, 'applepie@gmail.com', 74, 3, 'I\'ve tried many coffees, but this one stands out. It\'s smooth, rich, and oh-so-delicious.'),
(2, 'blueberry@gmail.com', 367, 3, 'I\'m thoroughly impressed by the quality of this coffee. It\'s evident that it\'s made with care and attention to detail.'),
(2, 'blueberrycompote@gmail.com', 31, 4, 'This coffee is the highlight of my morning. It\'s smooth, bold, and oh-so-delicious.'),
(2, 'garlicbread@gmail.com', 52, 5, 'From the aroma to the taste, this coffee is perfection. I can\'t get enough of it.'),
(2, 'grapefruit@gmail.com', 13, 4, 'Wow, what a fantastic coffee! It\'s bold yet smooth, making it a perfect pick-me-up in the morning.'),
(2, 'grapejam@gmail.com', 325, 4, 'I\'m thoroughly impressed by the quality of this coffee. It\'s evident that it\'s made with care and attention to detail.'),
(2, 'gummyworms@gmail.com', 113, 3, 'I\'m thoroughly enjoying every sip of this coffee. It\'s smooth, rich, and incredibly satisfying.'),
(2, 'kumquatmarmalade@gmail.com', 296, 4, 'This coffee is a real game-changer for me. It\'s smooth, bold, and incredibly satisfying.'),
(2, 'lettucewraps@gmail.com', 78, 5, 'I\'m thoroughly enjoying every sip of this coffee. It\'s smooth, rich, and incredibly satisfying.'),
(2, 'licorice@gmail.com', 198, 4, 'This coffee is the highlight of my morning routine. It\'s smooth, rich, and oh-so-delicious.'),
(2, 'pineapple@gmail.com', 185, 3, 'I\'m blown away by how good this coffee tastes. It\'s the perfect way to start my day.'),
(2, 'rockcandy@gmail.com', 318, 3, 'I\'m blown away by how good this coffee tastes. It\'s smooth, rich, and utterly delightful.'),
(2, 'sesamecrackers@gmail.com', 48, 5, 'I can\'t express how much I love this coffee. It\'s simply amazing.'),
(3, 'applepie@gmail.com', 71, 3, 'I\'ve tried many coffees, but this one stands out. It\'s smooth, rich, and oh-so-delicious.'),
(3, 'apricotjam@gmail.com', 180, 5, 'I\'ve tried a lot of coffees in my time, but this one is something special. It\'s truly exceptional.'),
(3, 'cornonthecob@gmail.com', 373, 5, 'I\'m amazed by how good this coffee tastes. It\'s like a little burst of happiness in every cup.'),
(3, 'jellybeans@gmail.com', 262, 3, 'I\'m blown away by how good this coffee tastes. It\'s smooth, rich, and utterly delightful.'),
(3, 'kumquatmarmalade@gmail.com', 297, 4, 'This coffee is a real game-changer for me. It\'s smooth, bold, and incredibly satisfying.'),
(3, 'mandarinorange@gmail.com', 140, 3, 'I\'m loving this coffee more and more with each cup. It\'s smooth, bold, and absolutely delicious.'),
(3, 'tomatosauce@gmail.com', 43, 5, 'I\'m in coffee heaven with this product. It\'s smooth, rich, and absolutely delightful.'),
(5, 'caramelcorn@gmail.com', 134, 5, 'I\'m thoroughly enjoying every sip of this coffee. It\'s smooth, rich, and incredibly satisfying.'),
(5, 'grapejam@gmail.com', 321, 4, 'I\'m thoroughly impressed by the quality of this coffee. It\'s evident that it\'s made with care and attention to detail.'),
(5, 'kumquatmarmalade@gmail.com', 300, 4, 'This coffee is a real game-changer for me. It\'s smooth, bold, and incredibly satisfying.'),
(5, 'macadamianuts@gmail.com', 365, 4, 'I\'m thoroughly enjoying every sip of this coffee. It\'s smooth, rich, and oh-so-satisfying.'),
(5, 'papayapuree@gmail.com', 204, 3, 'I\'m amazed by how consistently good this coffee is. It never disappoints.'),
(5, 'peanutbutter@gmail.com', 189, 4, 'This coffee has converted me into a true fan. I can\'t imagine starting my day without it.'),
(5, 'plumcobbler@gmail.com', 284, 3, 'This coffee is a real game-changer for me. It\'s smooth, bold, and incredibly satisfying.'),
(5, 'shortbread@gmail.com', 340, 3, 'This coffee is the highlight of my morning routine. It\'s smooth, rich, and absolutely delicious.'),
(6, 'almondmilk@gmail.com', 125, 3, 'If you\'re looking for a high-quality coffee, look no further. This product is outstanding.'),
(6, 'avocadosalad@gmail.com', 333, 3, 'I\'m thoroughly enjoying this coffee. It\'s smooth, flavorful, and oh-so-satisfying.'),
(6, 'bellpepper@gmail.com', 212, 3, 'I\'m obsessed with this coffee! It\'s so flavorful and satisfying.'),
(6, 'blackcurrant@gmail.com', 58, 4, 'This coffee is a real game-changer for me. It\'s smooth, bold, and incredibly satisfying.'),
(6, 'broccolisoup@gmail.com', 216, 3, 'This coffee is a game-changer for me. It\'s so flavorful and satisfying.'),
(6, 'chestnutroast@gmail.com', 191, 4, 'I\'m blown away by how good this coffee tastes. It\'s smooth, rich, and absolutely delicious.'),
(6, 'huckleberryjam@gmail.com', 256, 3, 'I\'m loving this coffee more and more with each cup. It\'s smooth, bold, and absolutely delicious.'),
(6, 'lemonade@gmail.com', 3, 4, 'This coffee has exceeded my expectations. It\'s smooth, flavorful, and downright addictive.'),
(6, 'lollipop@gmail.com', 230, 4, 'This coffee is the highlight of my morning routine. It\'s smooth, rich, and absolutely delicious.'),
(6, 'papayapuree@gmail.com', 202, 3, 'I\'m amazed by how consistently good this coffee is. It never disappoints.'),
(6, 'sesamecrackers@gmail.com', 46, 5, 'I can\'t express how much I love this coffee. It\'s simply amazing.'),
(6, 'strawberry@gmail.com', 93, 4, 'This coffee is a real treat for the senses. It\'s rich, bold, and utterly delicious.'),
(7, 'cornonthecob@gmail.com', 372, 5, 'I\'m amazed by how good this coffee tastes. It\'s like a little burst of happiness in every cup.'),
(7, 'cottoncandy@gmail.com', 84, 4, 'I\'m thoroughly impressed by the quality of this coffee. It\'s evident that it\'s made with care and attention to detail.'),
(7, 'dragonfruit@gmail.com', 398, 5, 'I\'m loving this coffee more and more with each cup. It\'s smooth, bold, and absolutely delicious.'),
(7, 'grapefruit@gmail.com', 12, 4, 'Wow, what a fantastic coffee! It\'s bold yet smooth, making it a perfect pick-me-up in the morning.'),
(7, 'papayapuree@gmail.com', 201, 3, 'I\'m amazed by how consistently good this coffee is. It never disappoints.'),
(7, 'raspberry@gmail.com', 161, 4, 'I\'m in love with this coffee! It\'s incredibly aromatic and has a delightful taste that leaves me wanting more.'),
(7, 'zucchinibread@gmail.com', 384, 4, 'This coffee is a real winner in my book. It\'s smooth, bold, and oh-so-delicious.'),
(8, 'blueberry@gmail.com', 368, 3, 'I\'m thoroughly impressed by the quality of this coffee. It\'s evident that it\'s made with care and attention to detail.'),
(8, 'caramelcorn@gmail.com', 135, 5, 'I\'m thoroughly enjoying every sip of this coffee. It\'s smooth, rich, and incredibly satisfying.'),
(8, 'cherrypie@gmail.com', 173, 3, 'I\'m amazed by how flavorful this coffee is. It\'s a true delight to drink.'),
(8, 'figjam@gmail.com', 268, 4, 'I\'m blown away by how good this coffee tastes. It\'s smooth, rich, and utterly delightful.'),
(8, 'grapejam@gmail.com', 322, 4, 'I\'m thoroughly impressed by the quality of this coffee. It\'s evident that it\'s made with care and attention to detail.'),
(8, 'lemonade@gmail.com', 4, 4, 'This coffee has exceeded my expectations. It\'s smooth, flavorful, and downright addictive.'),
(8, 'popcornball@gmail.com', 291, 4, 'I\'m loving this coffee more and more with each cup. It\'s smooth, bold, and absolutely delicious.'),
(8, 'ricepaperrolls@gmail.com', 99, 3, 'I\'m impressed by how flavorful this coffee is. It\'s a true delight to drink.'),
(8, 'spinach@gmail.com', 21, 4, 'This coffee has become a staple in my daily routine. It\'s just that good.'),
(9, 'apricotpreserve@gmail.com', 154, 3, 'This coffee is a real treat. It\'s smooth, rich, and full of flavor.'),
(9, 'carrotcake@gmail.com', 303, 3, 'I\'m loving this coffee more and more with each cup. It\'s smooth, bold, and absolutely delicious.'),
(9, 'cornonthecob@gmail.com', 371, 5, 'I\'m amazed by how good this coffee tastes. It\'s like a little burst of happiness in every cup.'),
(9, 'gummyworms@gmail.com', 115, 3, 'I\'m thoroughly enjoying every sip of this coffee. It\'s smooth, rich, and incredibly satisfying.'),
(9, 'macadamianuts@gmail.com', 364, 4, 'I\'m thoroughly enjoying every sip of this coffee. It\'s smooth, rich, and oh-so-satisfying.'),
(9, 'watermelon@gmail.com', 360, 3, 'I can\'t get enough of this coffee! It\'s like a little piece of heaven in a cup.'),
(10, 'blackberry@gmail.com', 127, 5, 'I\'m thoroughly impressed by the quality of this coffee. It\'s evident that it\'s made with care.'),
(10, 'blueberry@gmail.com', 370, 3, 'I\'m thoroughly impressed by the quality of this coffee. It\'s evident that it\'s made with care and attention to detail.'),
(10, 'cashewbutter@gmail.com', 234, 4, 'This coffee is a real winner in my book. It\'s smooth, bold, and absolutely delicious.'),
(10, 'hazelnutcoffee@gmail.com', 403, 4, 'I\'m thoroughly enjoying every sip of this coffee. It\'s smooth, rich, and incredibly satisfying.'),
(10, 'mandarinorange@gmail.com', 139, 3, 'I\'m loving this coffee more and more with each cup. It\'s smooth, bold, and absolutely delicious.'),
(10, 'marmalade@gmail.com', 10, 3, 'I\'m blown away by how good this coffee tastes. It\'s smooth, rich, and utterly delightful.'),
(10, 'popcornball@gmail.com', 293, 4, 'I\'m loving this coffee more and more with each cup. It\'s smooth, bold, and absolutely delicious.'),
(10, 'raspberry@gmail.com', 163, 4, 'I\'m in love with this coffee! It\'s incredibly aromatic and has a delightful taste that leaves me wanting more.'),
(12, 'avocadosalad@gmail.com', 332, 3, 'I\'m thoroughly enjoying this coffee. It\'s smooth, flavorful, and oh-so-satisfying.'),
(12, 'blackcurrant@gmail.com', 56, 4, 'This coffee is a real game-changer for me. It\'s smooth, bold, and incredibly satisfying.'),
(12, 'grapefruit@gmail.com', 14, 4, 'Wow, what a fantastic coffee! It\'s bold yet smooth, making it a perfect pick-me-up in the morning.'),
(12, 'melonsorbet@gmail.com', 109, 3, 'This coffee is a real winner in my book. It\'s smooth, bold, and absolutely delicious.'),
(12, 'peachcobbler@gmail.com', 386, 3, 'This coffee is absolutely delicious! It\'s rich, smooth, and has the perfect balance of flavors.'),
(13, 'applepie@gmail.com', 72, 3, 'I\'ve tried many coffees, but this one stands out. It\'s smooth, rich, and oh-so-delicious.'),
(13, 'blueberrycompote@gmail.com', 35, 4, 'This coffee is the highlight of my morning. It\'s smooth, bold, and oh-so-delicious.'),
(13, 'butterscotch@gmail.com', 350, 4, 'This coffee is the highlight of my morning routine. It\'s smooth, rich, and absolutely delicious.'),
(13, 'dragonfruit@gmail.com', 396, 5, 'I\'m loving this coffee more and more with each cup. It\'s smooth, bold, and absolutely delicious.'),
(13, 'garlicbread@gmail.com', 55, 5, 'From the aroma to the taste, this coffee is perfection. I can\'t get enough of it.'),
(13, 'honeycomb@gmail.com', 243, 4, 'I\'m amazed by how flavorful this coffee is. It\'s a true delight to drink.'),
(13, 'huckleberryjam@gmail.com', 257, 3, 'I\'m loving this coffee more and more with each cup. It\'s smooth, bold, and absolutely delicious.'),
(13, 'mandarinorange@gmail.com', 137, 3, 'I\'m loving this coffee more and more with each cup. It\'s smooth, bold, and absolutely delicious.'),
(13, 'mangojuice@gmail.com', 38, 5, 'From the first sip to the last, this coffee is a delight to the senses.'),
(13, 'olivetapenade@gmail.com', 28, 5, 'I\'ve been recommending this coffee to all my friends. It\'s that good!'),
(13, 'peppermint@gmail.com', 393, 3, 'I\'m amazed by how flavorful this coffee is. It\'s a true delight to drink.'),
(13, 'pineapple@gmail.com', 184, 3, 'I\'m blown away by how good this coffee tastes. It\'s the perfect way to start my day.'),
(13, 'shortbread@gmail.com', 336, 3, 'This coffee is the highlight of my morning routine. It\'s smooth, rich, and absolutely delicious.'),
(14, 'agavenectar@gmail.com', 310, 4, 'I\'m thoroughly impressed by the quality of this coffee. It\'s evident that it\'s made with care and attention to detail.'),
(14, 'chocolatechip@gmail.com', 288, 5, 'I\'m amazed by how flavorful this coffee is. It\'s a true delight to drink.'),
(14, 'figjam@gmail.com', 267, 4, 'I\'m blown away by how good this coffee tastes. It\'s smooth, rich, and utterly delightful.'),
(14, 'huckleberryjam@gmail.com', 258, 3, 'I\'m loving this coffee more and more with each cup. It\'s smooth, bold, and absolutely delicious.'),
(14, 'licorice@gmail.com', 197, 4, 'This coffee is the highlight of my morning routine. It\'s smooth, rich, and oh-so-delicious.'),
(14, 'mangojuice@gmail.com', 39, 5, 'From the first sip to the last, this coffee is a delight to the senses.'),
(14, 'oatmealcookie@gmail.com', 160, 5, 'I\'m loving this coffee more and more with each cup. It\'s smooth, bold, and incredibly satisfying.'),
(14, 'onionrings@gmail.com', 169, 5, 'I\'m hooked on this coffee! It\'s become my new favorite.'),
(14, 'orangezest@gmail.com', 314, 3, 'If you\'re a coffee lover, you have to try this product. It\'s truly exceptional.'),
(14, 'rhubarbjelly@gmail.com', 120, 3, 'This coffee is a real game-changer for me. It\'s smooth, bold, and incredibly satisfying.'),
(15, 'almondmilk@gmail.com', 124, 3, 'If you\'re looking for a high-quality coffee, look no further. This product is outstanding.'),
(15, 'bananabread@gmail.com', 17, 4, 'I\'m thoroughly impressed by the quality of this coffee. It\'s top-notch!'),
(15, 'chocolatechip@gmail.com', 287, 5, 'I\'m amazed by how flavorful this coffee is. It\'s a true delight to drink.'),
(15, 'gingerbread@gmail.com', 378, 4, 'Every cup of this coffee feels like a treat. It\'s so indulgent and satisfying.'),
(15, 'lollipop@gmail.com', 226, 4, 'This coffee is the highlight of my morning routine. It\'s smooth, rich, and absolutely delicious.'),
(15, 'peppermint@gmail.com', 394, 3, 'I\'m amazed by how flavorful this coffee is. It\'s a true delight to drink.'),
(15, 'quinoasalad@gmail.com', 147, 4, 'I can\'t stop raving about this coffee! It\'s that good.'),
(15, 'rhubarbjelly@gmail.com', 118, 3, 'This coffee is a real game-changer for me. It\'s smooth, bold, and incredibly satisfying.'),
(15, 'sesamecrackers@gmail.com', 47, 5, 'I can\'t express how much I love this coffee. It\'s simply amazing.'),
(15, 'walnutcake@gmail.com', 223, 4, 'This coffee is the perfect way to start my day. It\'s smooth, bold, and full of flavor.'),
(15, 'watermelon@gmail.com', 357, 3, 'I can\'t get enough of this coffee! It\'s like a little piece of heaven in a cup.'),
(15, 'zucchinibread@gmail.com', 383, 4, 'This coffee is a real winner in my book. It\'s smooth, bold, and oh-so-delicious.'),
(16, 'avocadosalad@gmail.com', 335, 3, 'I\'m thoroughly enjoying this coffee. It\'s smooth, flavorful, and oh-so-satisfying.'),
(16, 'bellpepper@gmail.com', 213, 3, 'I\'m obsessed with this coffee! It\'s so flavorful and satisfying.'),
(16, 'chocolatechip@gmail.com', 289, 5, 'I\'m amazed by how flavorful this coffee is. It\'s a true delight to drink.'),
(16, 'cinnamonroll@gmail.com', 70, 5, 'I\'m blown away by the depth of flavor in this coffee. It\'s unlike anything I\'ve ever tasted.'),
(16, 'jellybeans@gmail.com', 263, 3, 'I\'m blown away by how good this coffee tastes. It\'s smooth, rich, and utterly delightful.'),
(16, 'kumquatmarmalade@gmail.com', 298, 4, 'This coffee is a real game-changer for me. It\'s smooth, bold, and incredibly satisfying.'),
(16, 'pecanpie@gmail.com', 326, 4, 'I\'m blown away by how good this coffee tastes. It\'s smooth, rich, and utterly delightful.'),
(16, 'peppermint@gmail.com', 391, 3, 'I\'m amazed by how flavorful this coffee is. It\'s a true delight to drink.'),
(16, 'pistachiopudding@gmail.com', 249, 3, 'I\'m thoroughly impressed by the quality of this coffee. It\'s evident that it\'s made with care and attention to detail.'),
(16, 'tomatosauce@gmail.com', 42, 5, 'I\'m in coffee heaven with this product. It\'s smooth, rich, and absolutely delightful.'),
(17, 'applepie@gmail.com', 75, 3, 'I\'ve tried many coffees, but this one stands out. It\'s smooth, rich, and oh-so-delicious.'),
(17, 'carrotcake@gmail.com', 305, 3, 'I\'m loving this coffee more and more with each cup. It\'s smooth, bold, and absolutely delicious.'),
(17, 'cashewbutter@gmail.com', 233, 4, 'This coffee is a real winner in my book. It\'s smooth, bold, and absolutely delicious.'),
(17, 'chestnutroast@gmail.com', 193, 4, 'I\'m blown away by how good this coffee tastes. It\'s smooth, rich, and absolutely delicious.'),
(17, 'cranberryrelish@gmail.com', 88, 3, 'I\'m thoroughly enjoying every sip of this coffee. It\'s smooth, rich, and incredibly satisfying.'),
(17, 'melonsorbet@gmail.com', 108, 3, 'This coffee is a real winner in my book. It\'s smooth, bold, and absolutely delicious.'),
(17, 'mushroom@gmail.com', 352, 4, 'This coffee is the highlight of my morning routine. It\'s smooth, rich, and absolutely delicious.'),
(17, 'plumcobbler@gmail.com', 285, 3, 'This coffee is a real game-changer for me. It\'s smooth, bold, and incredibly satisfying.'),
(17, 'tangerinetart@gmail.com', 278, 4, 'I\'m thoroughly impressed by the quality of this coffee. It\'s evident that it\'s made with care and attention to detail.'),
(18, 'butterscotch@gmail.com', 347, 4, 'This coffee is the highlight of my morning routine. It\'s smooth, rich, and absolutely delicious.'),
(18, 'lettucewraps@gmail.com', 77, 5, 'I\'m thoroughly enjoying every sip of this coffee. It\'s smooth, rich, and incredibly satisfying.'),
(18, 'oatmealcookie@gmail.com', 158, 5, 'I\'m loving this coffee more and more with each cup. It\'s smooth, bold, and incredibly satisfying.'),
(18, 'watermelon@gmail.com', 358, 3, 'I can\'t get enough of this coffee! It\'s like a little piece of heaven in a cup.'),
(19, 'carrotcake@gmail.com', 301, 3, 'I\'m loving this coffee more and more with each cup. It\'s smooth, bold, and absolutely delicious.'),
(19, 'coconutmilk@gmail.com', 141, 4, 'I\'m impressed by the depth of flavor in this coffee. It\'s complex and delicious.'),
(19, 'cornsyrup@gmail.com', 253, 5, 'This coffee is a real game-changer for me. It\'s smooth, bold, and incredibly satisfying.'),
(19, 'cottoncandy@gmail.com', 81, 4, 'I\'m thoroughly impressed by the quality of this coffee. It\'s evident that it\'s made with care and attention to detail.'),
(19, 'cucumber@gmail.com', 64, 3, 'This coffee is a real winner in my book. It\'s smooth, bold, and absolutely delicious.'),
(19, 'gummyworms@gmail.com', 112, 3, 'I\'m thoroughly enjoying every sip of this coffee. It\'s smooth, rich, and incredibly satisfying.'),
(19, 'huckleberryjam@gmail.com', 260, 3, 'I\'m loving this coffee more and more with each cup. It\'s smooth, bold, and absolutely delicious.'),
(19, 'lollipop@gmail.com', 229, 4, 'This coffee is the highlight of my morning routine. It\'s smooth, rich, and absolutely delicious.'),
(19, 'marmalade@gmail.com', 7, 3, 'I\'m blown away by how good this coffee tastes. It\'s smooth, rich, and utterly delightful.'),
(19, 'melonsorbet@gmail.com', 106, 3, 'This coffee is a real winner in my book. It\'s smooth, bold, and absolutely delicious.'),
(19, 'olivetapenade@gmail.com', 29, 5, 'I\'ve been recommending this coffee to all my friends. It\'s that good!'),
(19, 'pistachiopudding@gmail.com', 248, 3, 'I\'m thoroughly impressed by the quality of this coffee. It\'s evident that it\'s made with care and attention to detail.'),
(19, 'plumcobbler@gmail.com', 283, 3, 'This coffee is a real game-changer for me. It\'s smooth, bold, and incredibly satisfying.'),
(19, 'raspberry@gmail.com', 162, 4, 'I\'m in love with this coffee! It\'s incredibly aromatic and has a delightful taste that leaves me wanting more.'),
(19, 'strawberry@gmail.com', 92, 4, 'This coffee is a real treat for the senses. It\'s rich, bold, and utterly delicious.'),
(20, 'bananabread@gmail.com', 19, 4, 'I\'m thoroughly impressed by the quality of this coffee. It\'s top-notch!'),
(20, 'blackberry@gmail.com', 128, 5, 'I\'m thoroughly impressed by the quality of this coffee. It\'s evident that it\'s made with care.'),
(20, 'blueberrycompote@gmail.com', 33, 4, 'This coffee is the highlight of my morning. It\'s smooth, bold, and oh-so-delicious.'),
(20, 'chestnutroast@gmail.com', 194, 4, 'I\'m blown away by how good this coffee tastes. It\'s smooth, rich, and absolutely delicious.'),
(20, 'dragonfruit@gmail.com', 397, 5, 'I\'m loving this coffee more and more with each cup. It\'s smooth, bold, and absolutely delicious.'),
(20, 'lemonade@gmail.com', 5, 4, 'This coffee has exceeded my expectations. It\'s smooth, flavorful, and downright addictive.'),
(20, 'marmalade@gmail.com', 6, 3, 'I\'m blown away by how good this coffee tastes. It\'s smooth, rich, and utterly delightful.'),
(20, 'oatmealcookie@gmail.com', 159, 5, 'I\'m loving this coffee more and more with each cup. It\'s smooth, bold, and incredibly satisfying.'),
(20, 'olivetapenade@gmail.com', 30, 5, 'I\'ve been recommending this coffee to all my friends. It\'s that good!'),
(20, 'onionrings@gmail.com', 166, 5, 'I\'m hooked on this coffee! It\'s become my new favorite.'),
(20, 'peachcobbler@gmail.com', 390, 3, 'This coffee is absolutely delicious! It\'s rich, smooth, and has the perfect balance of flavors.'),
(20, 'tomatosauce@gmail.com', 44, 5, 'I\'m in coffee heaven with this product. It\'s smooth, rich, and absolutely delightful.'),
(22, 'agavenectar@gmail.com', 306, 4, 'I\'m thoroughly impressed by the quality of this coffee. It\'s evident that it\'s made with care and attention to detail.'),
(22, 'apricotpreserve@gmail.com', 155, 3, 'This coffee is a real treat. It\'s smooth, rich, and full of flavor.'),
(22, 'carrotcake@gmail.com', 304, 3, 'I\'m loving this coffee more and more with each cup. It\'s smooth, bold, and absolutely delicious.'),
(22, 'chestnutroast@gmail.com', 192, 4, 'I\'m blown away by how good this coffee tastes. It\'s smooth, rich, and absolutely delicious.'),
(22, 'coconutmilk@gmail.com', 142, 4, 'I\'m impressed by the depth of flavor in this coffee. It\'s complex and delicious.'),
(22, 'gingerbread@gmail.com', 377, 4, 'Every cup of this coffee feels like a treat. It\'s so indulgent and satisfying.'),
(22, 'marmalade@gmail.com', 8, 3, 'I\'m blown away by how good this coffee tastes. It\'s smooth, rich, and utterly delightful.'),
(22, 'ricepaperrolls@gmail.com', 100, 3, 'I\'m impressed by how flavorful this coffee is. It\'s a true delight to drink.'),
(22, 'rockcandy@gmail.com', 317, 3, 'I\'m blown away by how good this coffee tastes. It\'s smooth, rich, and utterly delightful.'),
(22, 'strawberryjam@gmail.com', 101, 4, 'This coffee is a real winner in my book. It\'s smooth, bold, and absolutely delicious.'),
(23, 'carrotcake@gmail.com', 302, 3, 'I\'m loving this coffee more and more with each cup. It\'s smooth, bold, and absolutely delicious.'),
(23, 'cinnamonroll@gmail.com', 67, 5, 'I\'m blown away by the depth of flavor in this coffee. It\'s unlike anything I\'ve ever tasted.'),
(23, 'garlicbread@gmail.com', 51, 5, 'From the aroma to the taste, this coffee is perfection. I can\'t get enough of it.'),
(23, 'hazelnutcoffee@gmail.com', 402, 4, 'I\'m thoroughly enjoying every sip of this coffee. It\'s smooth, rich, and incredibly satisfying.'),
(23, 'lettucewraps@gmail.com', 80, 5, 'I\'m thoroughly enjoying every sip of this coffee. It\'s smooth, rich, and incredibly satisfying.'),
(23, 'potatosalad@gmail.com', 239, 3, 'This coffee is a game-changer. It\'s smooth, rich, and utterly delicious.'),
(23, 'rockcandy@gmail.com', 320, 3, 'I\'m blown away by how good this coffee tastes. It\'s smooth, rich, and utterly delightful.'),
(23, 'vanillacupcake@gmail.com', 272, 4, 'This coffee is a real winner in my book. It\'s smooth, bold, and absolutely delicious.'),
(24, 'avocadosalad@gmail.com', 331, 3, 'I\'m thoroughly enjoying this coffee. It\'s smooth, flavorful, and oh-so-satisfying.'),
(24, 'broccolisoup@gmail.com', 220, 3, 'This coffee is a game-changer for me. It\'s so flavorful and satisfying.'),
(24, 'caramelcorn@gmail.com', 132, 5, 'I\'m thoroughly enjoying every sip of this coffee. It\'s smooth, rich, and incredibly satisfying.'),
(24, 'cashewbutter@gmail.com', 235, 4, 'This coffee is a real winner in my book. It\'s smooth, bold, and absolutely delicious.'),
(24, 'cherrypie@gmail.com', 171, 3, 'I\'m amazed by how flavorful this coffee is. It\'s a true delight to drink.'),
(24, 'cornsyrup@gmail.com', 252, 5, 'This coffee is a real game-changer for me. It\'s smooth, bold, and incredibly satisfying.'),
(24, 'cranberryrelish@gmail.com', 90, 3, 'I\'m thoroughly enjoying every sip of this coffee. It\'s smooth, rich, and incredibly satisfying.'),
(24, 'mandarinorange@gmail.com', 136, 3, 'I\'m loving this coffee more and more with each cup. It\'s smooth, bold, and absolutely delicious.'),
(24, 'peachcobbler@gmail.com', 388, 3, 'This coffee is absolutely delicious! It\'s rich, smooth, and has the perfect balance of flavors.'),
(24, 'quinoasalad@gmail.com', 146, 4, 'I can\'t stop raving about this coffee! It\'s that good.'),
(24, 'spinach@gmail.com', 24, 4, 'This coffee has become a staple in my daily routine. It\'s just that good.'),
(24, 'strawberry@gmail.com', 94, 4, 'This coffee is a real treat for the senses. It\'s rich, bold, and utterly delicious.'),
(24, 'walnutcake@gmail.com', 224, 4, 'This coffee is the perfect way to start my day. It\'s smooth, bold, and full of flavor.'),
(24, 'watermelon@gmail.com', 356, 3, 'I can\'t get enough of this coffee! It\'s like a little piece of heaven in a cup.'),
(25, 'kumquatmarmalade@gmail.com', 299, 4, 'This coffee is a real game-changer for me. It\'s smooth, bold, and incredibly satisfying.'),
(25, 'pineapple@gmail.com', 183, 3, 'I\'m blown away by how good this coffee tastes. It\'s the perfect way to start my day.'),
(25, 'sesamecrackers@gmail.com', 50, 5, 'I can\'t express how much I love this coffee. It\'s simply amazing.'),
(26, 'gooseberrypie@gmail.com', 343, 4, 'I\'m amazed by how flavorful this coffee is. It\'s a true delight to drink.'),
(26, 'kiwismoothie@gmail.com', 210, 4, 'I\'m blown away by the smoothness of this coffee. It\'s like silk in a cup.'),
(26, 'lettucewraps@gmail.com', 76, 5, 'I\'m thoroughly enjoying every sip of this coffee. It\'s smooth, rich, and incredibly satisfying.'),
(26, 'ricepaperrolls@gmail.com', 98, 3, 'I\'m impressed by how flavorful this coffee is. It\'s a true delight to drink.'),
(26, 'spinach@gmail.com', 23, 4, 'This coffee has become a staple in my daily routine. It\'s just that good.'),
(26, 'tangerinetart@gmail.com', 280, 4, 'I\'m thoroughly impressed by the quality of this coffee. It\'s evident that it\'s made with care and attention to detail.'),
(27, 'apricotjam@gmail.com', 176, 5, 'I\'ve tried a lot of coffees in my time, but this one is something special. It\'s truly exceptional.'),
(27, 'bananabread@gmail.com', 18, 4, 'I\'m thoroughly impressed by the quality of this coffee. It\'s top-notch!'),
(27, 'bellpepper@gmail.com', 214, 3, 'I\'m obsessed with this coffee! It\'s so flavorful and satisfying.'),
(27, 'broccolisoup@gmail.com', 217, 3, 'This coffee is a game-changer for me. It\'s so flavorful and satisfying.'),
(27, 'cottoncandy@gmail.com', 85, 4, 'I\'m thoroughly impressed by the quality of this coffee. It\'s evident that it\'s made with care and attention to detail.'),
(27, 'gooseberrypie@gmail.com', 341, 4, 'I\'m amazed by how flavorful this coffee is. It\'s a true delight to drink.'),
(27, 'macadamianuts@gmail.com', 363, 4, 'I\'m thoroughly enjoying every sip of this coffee. It\'s smooth, rich, and oh-so-satisfying.'),
(27, 'mushroom@gmail.com', 353, 4, 'This coffee is the highlight of my morning routine. It\'s smooth, rich, and absolutely delicious.'),
(27, 'onionrings@gmail.com', 170, 5, 'I\'m hooked on this coffee! It\'s become my new favorite.'),
(27, 'orangezest@gmail.com', 313, 3, 'If you\'re a coffee lover, you have to try this product. It\'s truly exceptional.'),
(27, 'potatosalad@gmail.com', 236, 3, 'This coffee is a game-changer. It\'s smooth, rich, and utterly delicious.'),
(27, 'strawberryjam@gmail.com', 102, 4, 'This coffee is a real winner in my book. It\'s smooth, bold, and absolutely delicious.'),
(27, 'vanillacupcake@gmail.com', 275, 4, 'This coffee is a real winner in my book. It\'s smooth, bold, and absolutely delicious.'),
(28, 'broccolisoup@gmail.com', 218, 3, 'This coffee is a game-changer for me. It\'s so flavorful and satisfying.'),
(28, 'gooseberrypie@gmail.com', 344, 4, 'I\'m amazed by how flavorful this coffee is. It\'s a true delight to drink.'),
(28, 'hazelnutcoffee@gmail.com', 401, 4, 'I\'m thoroughly enjoying every sip of this coffee. It\'s smooth, rich, and incredibly satisfying.'),
(28, 'honeycomb@gmail.com', 241, 4, 'I\'m amazed by how flavorful this coffee is. It\'s a true delight to drink.'),
(28, 'lollipop@gmail.com', 227, 4, 'This coffee is the highlight of my morning routine. It\'s smooth, rich, and absolutely delicious.'),
(28, 'peanutbutter@gmail.com', 186, 4, 'This coffee has converted me into a true fan. I can\'t imagine starting my day without it.'),
(28, 'pistachiopudding@gmail.com', 250, 3, 'I\'m thoroughly impressed by the quality of this coffee. It\'s evident that it\'s made with care and attention to detail.'),
(28, 'rhubarbjelly@gmail.com', 119, 3, 'This coffee is a real game-changer for me. It\'s smooth, bold, and incredibly satisfying.'),
(28, 'strawberryjam@gmail.com', 104, 4, 'This coffee is a real winner in my book. It\'s smooth, bold, and absolutely delicious.'),
(29, 'cucumber@gmail.com', 62, 3, 'This coffee is a real winner in my book. It\'s smooth, bold, and absolutely delicious.'),
(29, 'peppermint@gmail.com', 395, 3, 'I\'m amazed by how flavorful this coffee is. It\'s a true delight to drink.'),
(29, 'tangerinetart@gmail.com', 277, 4, 'I\'m thoroughly impressed by the quality of this coffee. It\'s evident that it\'s made with care and attention to detail.'),
(31, 'blackcurrant@gmail.com', 59, 4, 'This coffee is a real game-changer for me. It\'s smooth, bold, and incredibly satisfying.'),
(31, 'butterscotch@gmail.com', 349, 4, 'This coffee is the highlight of my morning routine. It\'s smooth, rich, and absolutely delicious.'),
(31, 'cinnamonroll@gmail.com', 68, 5, 'I\'m blown away by the depth of flavor in this coffee. It\'s unlike anything I\'ve ever tasted.'),
(31, 'cornsyrup@gmail.com', 254, 5, 'This coffee is a real game-changer for me. It\'s smooth, bold, and incredibly satisfying.'),
(31, 'cottoncandy@gmail.com', 83, 4, 'I\'m thoroughly impressed by the quality of this coffee. It\'s evident that it\'s made with care and attention to detail.'),
(31, 'macadamianuts@gmail.com', 362, 4, 'I\'m thoroughly enjoying every sip of this coffee. It\'s smooth, rich, and oh-so-satisfying.'),
(31, 'peppermint@gmail.com', 392, 3, 'I\'m amazed by how flavorful this coffee is. It\'s a true delight to drink.'),
(31, 'potatosalad@gmail.com', 238, 3, 'This coffee is a game-changer. It\'s smooth, rich, and utterly delicious.'),
(31, 'quinoasalad@gmail.com', 148, 4, 'I can\'t stop raving about this coffee! It\'s that good.'),
(31, 'sesamecrackers@gmail.com', 49, 5, 'I can\'t express how much I love this coffee. It\'s simply amazing.'),
(32, 'blackcurrant@gmail.com', 60, 4, 'This coffee is a real game-changer for me. It\'s smooth, bold, and incredibly satisfying.'),
(32, 'cornsyrup@gmail.com', 255, 5, 'This coffee is a real game-changer for me. It\'s smooth, bold, and incredibly satisfying.'),
(32, 'figjam@gmail.com', 270, 4, 'I\'m blown away by how good this coffee tastes. It\'s smooth, rich, and utterly delightful.'),
(32, 'jellybeans@gmail.com', 261, 3, 'I\'m blown away by how good this coffee tastes. It\'s smooth, rich, and utterly delightful.'),
(32, 'melonsorbet@gmail.com', 107, 3, 'This coffee is a real winner in my book. It\'s smooth, bold, and absolutely delicious.'),
(32, 'mushroom@gmail.com', 354, 4, 'This coffee is the highlight of my morning routine. It\'s smooth, rich, and absolutely delicious.'),
(33, 'cashewbutter@gmail.com', 231, 4, 'This coffee is a real winner in my book. It\'s smooth, bold, and absolutely delicious.'),
(33, 'peachcobbler@gmail.com', 389, 3, 'This coffee is absolutely delicious! It\'s rich, smooth, and has the perfect balance of flavors.'),
(33, 'tangerinetart@gmail.com', 276, 4, 'I\'m thoroughly impressed by the quality of this coffee. It\'s evident that it\'s made with care and attention to detail.'),
(33, 'walnutcake@gmail.com', 221, 4, 'This coffee is the perfect way to start my day. It\'s smooth, bold, and full of flavor.'),
(33, 'watermelon@gmail.com', 359, 3, 'I can\'t get enough of this coffee! It\'s like a little piece of heaven in a cup.'),
(34, 'apricotjam@gmail.com', 177, 5, 'I\'ve tried a lot of coffees in my time, but this one is something special. It\'s truly exceptional.'),
(34, 'cherrypie@gmail.com', 174, 3, 'I\'m amazed by how flavorful this coffee is. It\'s a true delight to drink.'),
(34, 'coconutmilk@gmail.com', 143, 4, 'I\'m impressed by the depth of flavor in this coffee. It\'s complex and delicious.'),
(34, 'figjam@gmail.com', 269, 4, 'I\'m blown away by how good this coffee tastes. It\'s smooth, rich, and utterly delightful.'),
(34, 'lemonade@gmail.com', 1, 4, 'This coffee has exceeded my expectations. It\'s smooth, flavorful, and downright addictive.'),
(34, 'licorice@gmail.com', 200, 4, 'This coffee is the highlight of my morning routine. It\'s smooth, rich, and oh-so-delicious.'),
(34, 'lollipop@gmail.com', 228, 4, 'This coffee is the highlight of my morning routine. It\'s smooth, rich, and absolutely delicious.'),
(34, 'pineapple@gmail.com', 181, 3, 'I\'m blown away by how good this coffee tastes. It\'s the perfect way to start my day.'),
(34, 'quinoasalad@gmail.com', 150, 4, 'I can\'t stop raving about this coffee! It\'s that good.'),
(34, 'raspberry@gmail.com', 165, 4, 'I\'m in love with this coffee! It\'s incredibly aromatic and has a delightful taste that leaves me wanting more.'),
(34, 'strawberryjam@gmail.com', 103, 4, 'This coffee is a real winner in my book. It\'s smooth, bold, and absolutely delicious.'),
(34, 'vanillacupcake@gmail.com', 274, 4, 'This coffee is a real winner in my book. It\'s smooth, bold, and absolutely delicious.'),
(36, 'almondmilk@gmail.com', 121, 3, 'If you\'re looking for a high-quality coffee, look no further. This product is outstanding.'),
(36, 'chestnutroast@gmail.com', 195, 4, 'I\'m blown away by how good this coffee tastes. It\'s smooth, rich, and absolutely delicious.'),
(36, 'gingerbread@gmail.com', 376, 4, 'Every cup of this coffee feels like a treat. It\'s so indulgent and satisfying.'),
(36, 'kiwismoothie@gmail.com', 206, 4, 'I\'m blown away by the smoothness of this coffee. It\'s like silk in a cup.'),
(36, 'licorice@gmail.com', 199, 4, 'This coffee is the highlight of my morning routine. It\'s smooth, rich, and oh-so-delicious.'),
(36, 'marmalade@gmail.com', 9, 3, 'I\'m blown away by how good this coffee tastes. It\'s smooth, rich, and utterly delightful.'),
(36, 'mushroom@gmail.com', 355, 4, 'This coffee is the highlight of my morning routine. It\'s smooth, rich, and absolutely delicious.'),
(36, 'pecanpie@gmail.com', 327, 4, 'I\'m blown away by how good this coffee tastes. It\'s smooth, rich, and utterly delightful.'),
(36, 'strawberryjam@gmail.com', 105, 4, 'This coffee is a real winner in my book. It\'s smooth, bold, and absolutely delicious.'),
(38, 'apricotpreserve@gmail.com', 151, 3, 'This coffee is a real treat. It\'s smooth, rich, and full of flavor.'),
(38, 'blueberry@gmail.com', 366, 3, 'I\'m thoroughly impressed by the quality of this coffee. It\'s evident that it\'s made with care and attention to detail.'),
(38, 'gingerbread@gmail.com', 379, 4, 'Every cup of this coffee feels like a treat. It\'s so indulgent and satisfying.'),
(38, 'grapefruit@gmail.com', 11, 4, 'Wow, what a fantastic coffee! It\'s bold yet smooth, making it a perfect pick-me-up in the morning.'),
(38, 'grapejam@gmail.com', 323, 4, 'I\'m thoroughly impressed by the quality of this coffee. It\'s evident that it\'s made with care and attention to detail.'),
(38, 'hazelnutcoffee@gmail.com', 404, 4, 'I\'m thoroughly enjoying every sip of this coffee. It\'s smooth, rich, and incredibly satisfying.'),
(38, 'mangojuice@gmail.com', 36, 5, 'From the first sip to the last, this coffee is a delight to the senses.'),
(38, 'papayapuree@gmail.com', 205, 3, 'I\'m amazed by how consistently good this coffee is. It never disappoints.'),
(38, 'zucchinibread@gmail.com', 382, 4, 'This coffee is a real winner in my book. It\'s smooth, bold, and oh-so-delicious.'),
(40, 'blueberrycompote@gmail.com', 34, 4, 'This coffee is the highlight of my morning. It\'s smooth, bold, and oh-so-delicious.'),
(40, 'cornonthecob@gmail.com', 374, 5, 'I\'m amazed by how good this coffee tastes. It\'s like a little burst of happiness in every cup.'),
(40, 'gooseberrypie@gmail.com', 342, 4, 'I\'m amazed by how flavorful this coffee is. It\'s a true delight to drink.'),
(40, 'honeycomb@gmail.com', 245, 4, 'I\'m amazed by how flavorful this coffee is. It\'s a true delight to drink.'),
(40, 'jellybeans@gmail.com', 264, 3, 'I\'m blown away by how good this coffee tastes. It\'s smooth, rich, and utterly delightful.'),
(40, 'popcornball@gmail.com', 294, 4, 'I\'m loving this coffee more and more with each cup. It\'s smooth, bold, and absolutely delicious.'),
(40, 'shortbread@gmail.com', 338, 3, 'This coffee is the highlight of my morning routine. It\'s smooth, rich, and absolutely delicious.'),
(41, 'cottoncandy@gmail.com', 82, 4, 'I\'m thoroughly impressed by the quality of this coffee. It\'s evident that it\'s made with care and attention to detail.'),
(41, 'cranberryrelish@gmail.com', 87, 3, 'I\'m thoroughly enjoying every sip of this coffee. It\'s smooth, rich, and incredibly satisfying.'),
(41, 'gummyworms@gmail.com', 111, 3, 'I\'m thoroughly enjoying every sip of this coffee. It\'s smooth, rich, and incredibly satisfying.'),
(41, 'honeycomb@gmail.com', 242, 4, 'I\'m amazed by how flavorful this coffee is. It\'s a true delight to drink.'),
(41, 'mandarinorange@gmail.com', 138, 3, 'I\'m loving this coffee more and more with each cup. It\'s smooth, bold, and absolutely delicious.'),
(41, 'oatmealcookie@gmail.com', 156, 5, 'I\'m loving this coffee more and more with each cup. It\'s smooth, bold, and incredibly satisfying.'),
(42, 'broccolisoup@gmail.com', 219, 3, 'This coffee is a game-changer for me. It\'s so flavorful and satisfying.'),
(42, 'gingerbread@gmail.com', 380, 4, 'Every cup of this coffee feels like a treat. It\'s so indulgent and satisfying.'),
(42, 'grapefruit@gmail.com', 15, 4, 'Wow, what a fantastic coffee! It\'s bold yet smooth, making it a perfect pick-me-up in the morning.'),
(42, 'mangojuice@gmail.com', 37, 5, 'From the first sip to the last, this coffee is a delight to the senses.'),
(42, 'onionrings@gmail.com', 167, 5, 'I\'m hooked on this coffee! It\'s become my new favorite.'),
(43, 'bananabread@gmail.com', 16, 4, 'I\'m thoroughly impressed by the quality of this coffee. It\'s top-notch!'),
(43, 'blackberry@gmail.com', 130, 5, 'I\'m thoroughly impressed by the quality of this coffee. It\'s evident that it\'s made with care.'),
(43, 'caramelcorn@gmail.com', 131, 5, 'I\'m thoroughly enjoying every sip of this coffee. It\'s smooth, rich, and incredibly satisfying.'),
(43, 'cinnamonroll@gmail.com', 69, 5, 'I\'m blown away by the depth of flavor in this coffee. It\'s unlike anything I\'ve ever tasted.'),
(43, 'cornonthecob@gmail.com', 375, 5, 'I\'m amazed by how good this coffee tastes. It\'s like a little burst of happiness in every cup.'),
(43, 'mangojuice@gmail.com', 40, 5, 'From the first sip to the last, this coffee is a delight to the senses.'),
(43, 'papayapuree@gmail.com', 203, 3, 'I\'m amazed by how consistently good this coffee is. It never disappoints.'),
(43, 'raspberry@gmail.com', 164, 4, 'I\'m in love with this coffee! It\'s incredibly aromatic and has a delightful taste that leaves me wanting more.'),
(43, 'spinach@gmail.com', 25, 4, 'This coffee has become a staple in my daily routine. It\'s just that good.'),
(43, 'strawberry@gmail.com', 95, 4, 'This coffee is a real treat for the senses. It\'s rich, bold, and utterly delicious.'),
(44, 'agavenectar@gmail.com', 307, 4, 'I\'m thoroughly impressed by the quality of this coffee. It\'s evident that it\'s made with care and attention to detail.'),
(44, 'chocolatechip@gmail.com', 290, 5, 'I\'m amazed by how flavorful this coffee is. It\'s a true delight to drink.'),
(44, 'coconutmilk@gmail.com', 145, 4, 'I\'m impressed by the depth of flavor in this coffee. It\'s complex and delicious.'),
(44, 'grapejam@gmail.com', 324, 4, 'I\'m thoroughly impressed by the quality of this coffee. It\'s evident that it\'s made with care and attention to detail.'),
(44, 'gummyworms@gmail.com', 114, 3, 'I\'m thoroughly enjoying every sip of this coffee. It\'s smooth, rich, and incredibly satisfying.'),
(44, 'orangezest@gmail.com', 312, 3, 'If you\'re a coffee lover, you have to try this product. It\'s truly exceptional.'),
(44, 'peanutbutter@gmail.com', 190, 4, 'This coffee has converted me into a true fan. I can\'t imagine starting my day without it.'),
(44, 'tomatosauce@gmail.com', 45, 5, 'I\'m in coffee heaven with this product. It\'s smooth, rich, and absolutely delightful.'),
(47, 'almondmilk@gmail.com', 122, 3, 'If you\'re looking for a high-quality coffee, look no further. This product is outstanding.'),
(47, 'bellpepper@gmail.com', 211, 3, 'I\'m obsessed with this coffee! It\'s so flavorful and satisfying.'),
(47, 'butterscotch@gmail.com', 346, 4, 'This coffee is the highlight of my morning routine. It\'s smooth, rich, and absolutely delicious.'),
(47, 'cranberryrelish@gmail.com', 86, 3, 'I\'m thoroughly enjoying every sip of this coffee. It\'s smooth, rich, and incredibly satisfying.'),
(47, 'dragonfruit@gmail.com', 400, 5, 'I\'m loving this coffee more and more with each cup. It\'s smooth, bold, and absolutely delicious.'),
(47, 'mushroom@gmail.com', 351, 4, 'This coffee is the highlight of my morning routine. It\'s smooth, rich, and absolutely delicious.'),
(47, 'orangezest@gmail.com', 315, 3, 'If you\'re a coffee lover, you have to try this product. It\'s truly exceptional.'),
(47, 'peanutbutter@gmail.com', 188, 4, 'This coffee has converted me into a true fan. I can\'t imagine starting my day without it.'),
(47, 'pecanpie@gmail.com', 329, 4, 'I\'m blown away by how good this coffee tastes. It\'s smooth, rich, and utterly delightful.'),
(47, 'rockcandy@gmail.com', 316, 3, 'I\'m blown away by how good this coffee tastes. It\'s smooth, rich, and utterly delightful.'),
(47, 'zucchinibread@gmail.com', 381, 4, 'This coffee is a real winner in my book. It\'s smooth, bold, and oh-so-delicious.'),
(48, 'agavenectar@gmail.com', 309, 4, 'I\'m thoroughly impressed by the quality of this coffee. It\'s evident that it\'s made with care and attention to detail.'),
(48, 'blackberry@gmail.com', 126, 5, 'I\'m thoroughly impressed by the quality of this coffee. It\'s evident that it\'s made with care.'),
(48, 'cashewbutter@gmail.com', 232, 4, 'This coffee is a real winner in my book. It\'s smooth, bold, and absolutely delicious.'),
(48, 'garlicbread@gmail.com', 54, 5, 'From the aroma to the taste, this coffee is perfection. I can\'t get enough of it.'),
(48, 'macadamianuts@gmail.com', 361, 4, 'I\'m thoroughly enjoying every sip of this coffee. It\'s smooth, rich, and oh-so-satisfying.'),
(48, 'olivetapenade@gmail.com', 27, 5, 'I\'ve been recommending this coffee to all my friends. It\'s that good!'),
(48, 'pistachiopudding@gmail.com', 247, 3, 'I\'m thoroughly impressed by the quality of this coffee. It\'s evident that it\'s made with care and attention to detail.'),
(48, 'potatosalad@gmail.com', 240, 3, 'This coffee is a game-changer. It\'s smooth, rich, and utterly delicious.'),
(48, 'strawberry@gmail.com', 91, 4, 'This coffee is a real treat for the senses. It\'s rich, bold, and utterly delicious.'),
(48, 'tomatosauce@gmail.com', 41, 5, 'I\'m in coffee heaven with this product. It\'s smooth, rich, and absolutely delightful.'),
(49, 'applepie@gmail.com', 73, 3, 'I\'ve tried many coffees, but this one stands out. It\'s smooth, rich, and oh-so-delicious.'),
(49, 'chocolatechip@gmail.com', 286, 5, 'I\'m amazed by how flavorful this coffee is. It\'s a true delight to drink.'),
(49, 'pecanpie@gmail.com', 330, 4, 'I\'m blown away by how good this coffee tastes. It\'s smooth, rich, and utterly delightful.'),
(49, 'popcornball@gmail.com', 292, 4, 'I\'m loving this coffee more and more with each cup. It\'s smooth, bold, and absolutely delicious.'),
(49, 'ricepaperrolls@gmail.com', 96, 3, 'I\'m impressed by how flavorful this coffee is. It\'s a true delight to drink.'),
(49, 'walnutcake@gmail.com', 222, 4, 'This coffee is the perfect way to start my day. It\'s smooth, bold, and full of flavor.'),
(51, 'caramelcorn@gmail.com', 133, 5, 'I\'m thoroughly enjoying every sip of this coffee. It\'s smooth, rich, and incredibly satisfying.'),
(51, 'cinnamonroll@gmail.com', 66, 5, 'I\'m blown away by the depth of flavor in this coffee. It\'s unlike anything I\'ve ever tasted.'),
(51, 'cranberryrelish@gmail.com', 89, 3, 'I\'m thoroughly enjoying every sip of this coffee. It\'s smooth, rich, and incredibly satisfying.'),
(51, 'cucumber@gmail.com', 63, 3, 'This coffee is a real winner in my book. It\'s smooth, bold, and absolutely delicious.'),
(51, 'pecanpie@gmail.com', 328, 4, 'I\'m blown away by how good this coffee tastes. It\'s smooth, rich, and utterly delightful.'),
(51, 'pistachiopudding@gmail.com', 246, 3, 'I\'m thoroughly impressed by the quality of this coffee. It\'s evident that it\'s made with care and attention to detail.'),
(51, 'plumcobbler@gmail.com', 282, 3, 'This coffee is a real game-changer for me. It\'s smooth, bold, and incredibly satisfying.'),
(51, 'quinoasalad@gmail.com', 149, 4, 'I can\'t stop raving about this coffee! It\'s that good.'),
(51, 'rhubarbjelly@gmail.com', 117, 3, 'This coffee is a real game-changer for me. It\'s smooth, bold, and incredibly satisfying.'),
(51, 'shortbread@gmail.com', 337, 3, 'This coffee is the highlight of my morning routine. It\'s smooth, rich, and absolutely delicious.'),
(51, 'vanillacupcake@gmail.com', 273, 4, 'This coffee is a real winner in my book. It\'s smooth, bold, and absolutely delicious.'),
(52, 'apricotjam@gmail.com', 179, 5, 'I\'ve tried a lot of coffees in my time, but this one is something special. It\'s truly exceptional.'),
(52, 'bananabread@gmail.com', 20, 4, 'I\'m thoroughly impressed by the quality of this coffee. It\'s top-notch!'),
(52, 'bellpepper@gmail.com', 215, 3, 'I\'m obsessed with this coffee! It\'s so flavorful and satisfying.'),
(52, 'blueberrycompote@gmail.com', 32, 4, 'This coffee is the highlight of my morning. It\'s smooth, bold, and oh-so-delicious.'),
(52, 'butterscotch@gmail.com', 348, 4, 'This coffee is the highlight of my morning routine. It\'s smooth, rich, and absolutely delicious.'),
(52, 'cornsyrup@gmail.com', 251, 5, 'This coffee is a real game-changer for me. It\'s smooth, bold, and incredibly satisfying.'),
(52, 'cucumber@gmail.com', 61, 3, 'This coffee is a real winner in my book. It\'s smooth, bold, and absolutely delicious.'),
(52, 'dragonfruit@gmail.com', 399, 5, 'I\'m loving this coffee more and more with each cup. It\'s smooth, bold, and absolutely delicious.'),
(52, 'kiwismoothie@gmail.com', 209, 4, 'I\'m blown away by the smoothness of this coffee. It\'s like silk in a cup.'),
(52, 'lettucewraps@gmail.com', 79, 5, 'I\'m thoroughly enjoying every sip of this coffee. It\'s smooth, rich, and incredibly satisfying.'),
(52, 'melonsorbet@gmail.com', 110, 3, 'This coffee is a real winner in my book. It\'s smooth, bold, and absolutely delicious.'),
(52, 'shortbread@gmail.com', 339, 3, 'This coffee is the highlight of my morning routine. It\'s smooth, rich, and absolutely delicious.'),
(53, 'agavenectar@gmail.com', 308, 4, 'I\'m thoroughly impressed by the quality of this coffee. It\'s evident that it\'s made with care and attention to detail.'),
(53, 'apricotpreserve@gmail.com', 153, 3, 'This coffee is a real treat. It\'s smooth, rich, and full of flavor.'),
(53, 'blueberry@gmail.com', 369, 3, 'I\'m thoroughly impressed by the quality of this coffee. It\'s evident that it\'s made with care and attention to detail.'),
(53, 'figjam@gmail.com', 266, 4, 'I\'m blown away by how good this coffee tastes. It\'s smooth, rich, and utterly delightful.'),
(53, 'gooseberrypie@gmail.com', 345, 4, 'I\'m amazed by how flavorful this coffee is. It\'s a true delight to drink.'),
(53, 'huckleberryjam@gmail.com', 259, 3, 'I\'m loving this coffee more and more with each cup. It\'s smooth, bold, and absolutely delicious.'),
(53, 'kiwismoothie@gmail.com', 207, 4, 'I\'m blown away by the smoothness of this coffee. It\'s like silk in a cup.'),
(53, 'pineapple@gmail.com', 182, 3, 'I\'m blown away by how good this coffee tastes. It\'s the perfect way to start my day.'),
(53, 'tangerinetart@gmail.com', 279, 4, 'I\'m thoroughly impressed by the quality of this coffee. It\'s evident that it\'s made with care and attention to detail.'),
(54, 'almondmilk@gmail.com', 123, 3, 'If you\'re looking for a high-quality coffee, look no further. This product is outstanding.');
INSERT INTO `review` (`PID`, `customer_email`, `RID`, `star`, `content`) VALUES
(54, 'apricotjam@gmail.com', 178, 5, 'I\'ve tried a lot of coffees in my time, but this one is something special. It\'s truly exceptional.'),
(54, 'blackcurrant@gmail.com', 57, 4, 'This coffee is a real game-changer for me. It\'s smooth, bold, and incredibly satisfying.'),
(54, 'cherrypie@gmail.com', 175, 3, 'I\'m amazed by how flavorful this coffee is. It\'s a true delight to drink.'),
(54, 'coconutmilk@gmail.com', 144, 4, 'I\'m impressed by the depth of flavor in this coffee. It\'s complex and delicious.'),
(54, 'jellybeans@gmail.com', 265, 3, 'I\'m blown away by how good this coffee tastes. It\'s smooth, rich, and utterly delightful.'),
(54, 'olivetapenade@gmail.com', 26, 5, 'I\'ve been recommending this coffee to all my friends. It\'s that good!'),
(54, 'plumcobbler@gmail.com', 281, 3, 'This coffee is a real game-changer for me. It\'s smooth, bold, and incredibly satisfying.'),
(54, 'potatosalad@gmail.com', 237, 3, 'This coffee is a game-changer. It\'s smooth, rich, and utterly delicious.'),
(57, 'blackberry@gmail.com', 129, 5, 'I\'m thoroughly impressed by the quality of this coffee. It\'s evident that it\'s made with care.'),
(57, 'cherrypie@gmail.com', 172, 3, 'I\'m amazed by how flavorful this coffee is. It\'s a true delight to drink.'),
(57, 'hazelnutcoffee@gmail.com', 405, 4, 'I\'m thoroughly enjoying every sip of this coffee. It\'s smooth, rich, and incredibly satisfying.'),
(57, 'honeycomb@gmail.com', 244, 4, 'I\'m amazed by how flavorful this coffee is. It\'s a true delight to drink.'),
(57, 'licorice@gmail.com', 196, 4, 'This coffee is the highlight of my morning routine. It\'s smooth, rich, and oh-so-delicious.'),
(57, 'oatmealcookie@gmail.com', 157, 5, 'I\'m loving this coffee more and more with each cup. It\'s smooth, bold, and incredibly satisfying.'),
(57, 'onionrings@gmail.com', 168, 5, 'I\'m hooked on this coffee! It\'s become my new favorite.'),
(57, 'orangezest@gmail.com', 311, 3, 'If you\'re a coffee lover, you have to try this product. It\'s truly exceptional.'),
(57, 'peanutbutter@gmail.com', 187, 4, 'This coffee has converted me into a true fan. I can\'t imagine starting my day without it.'),
(57, 'popcornball@gmail.com', 295, 4, 'I\'m loving this coffee more and more with each cup. It\'s smooth, bold, and absolutely delicious.'),
(57, 'ricepaperrolls@gmail.com', 97, 3, 'I\'m impressed by how flavorful this coffee is. It\'s a true delight to drink.'),
(57, 'rockcandy@gmail.com', 319, 3, 'I\'m blown away by how good this coffee tastes. It\'s smooth, rich, and utterly delightful.'),
(57, 'zucchinibread@gmail.com', 385, 4, 'This coffee is a real winner in my book. It\'s smooth, bold, and oh-so-delicious.');

--
-- Triggers `review`
--
DROP TRIGGER IF EXISTS `insert_review_trigger`;
DELIMITER $$
CREATE TRIGGER `insert_review_trigger` AFTER INSERT ON `review` FOR EACH ROW BEGIN
    UPDATE Product
    SET no_of_reviews = no_of_reviews + 1
    WHERE PID = NEW.PID;
    
    UPDATE Product
    SET average_rating = (average_rating * (no_of_reviews - 1) + NEW.star) / no_of_reviews
    WHERE PID = NEW.PID;
END
$$
DELIMITER ;

-- --------------------------------------------------------

--
-- Table structure for table `shipping_address`
--

DROP TABLE IF EXISTS `shipping_address`;
CREATE TABLE IF NOT EXISTS `shipping_address` (
  `customer_email` varchar(255) NOT NULL,
  `AID` int(11) NOT NULL,
  `reciever_name` varchar(255) NOT NULL,
  `reciever_phone` varchar(10) NOT NULL,
  `city_district_town` varchar(255) NOT NULL,
  `additional_address_info` varchar(255) NOT NULL,
  `is_default` tinyint(1) NOT NULL DEFAULT 0,
  PRIMARY KEY (`customer_email`,`AID`)
) ENGINE=InnoDB DEFAULT CHARSET=utf8mb4 COLLATE=utf8mb4_general_ci;

--
-- RELATIONSHIPS FOR TABLE `shipping_address`:
--   `customer_email`
--       `user` -> `email`
--

--
-- Dumping data for table `shipping_address`
--

INSERT INTO `shipping_address` (`customer_email`, `AID`, `reciever_name`, `reciever_phone`, `city_district_town`, `additional_address_info`, `is_default`) VALUES
('abc@gmail.com', 1, 'avc', '0765000835', 'Da Nang', '13 Phan Chau Trinh', 1),
('abc@gmail.com', 2, 'avc', '0346056515', 'Da Nang', '43 Nguyen Hiep Thanh', 0),
('abc@gmail.com', 3, 'avc', '0536999413', 'Ho Chi Minh', '1315 Nguyen Dinh Chieu', 0),
('agavenectar@gmail.com', 4, 'Jayden Rivera', '0712979538', 'Da Nang', '220 Hoang Dieu', 1),
('agavenectar@gmail.com', 5, 'Jayden Rivera', '0345266958', 'Ha Noi', '66 Hang Ngang', 0),
('agavenectar@gmail.com', 6, 'Jayden Rivera', '0172176410', 'Da Nang', '44 Le Loi', 0),
('almondmilk@gmail.com', 7, 'Aria Mitchell', '0030507805', 'Ha Noi', '38 Tay Ho', 1),
('almondmilk@gmail.com', 8, 'Aria Mitchell', '0380718692', 'Ha Noi', '56 Tran Quoc Hoan', 0),
('almondmilk@gmail.com', 9, 'Aria Mitchell', '0562803134', 'Ha Noi', '132 Hang Bac', 0),
('applepie@gmail.com', 10, 'Emma Smith', '0551967454', 'Ha Noi', '264 Nguyen Thai Hoc', 1),
('applepie@gmail.com', 11, 'Emma Smith', '0974833153', 'Ha Noi', '33 Hang Gai', 0),
('applepie@gmail.com', 12, 'Emma Smith', '0207128498', 'Da Nang', '13 Phan Chau Trinh', 0),
('apricotjam@gmail.com', 13, 'Amelia Harris', '0409563327', 'Da Nang', '13 Phan Chau Trinh', 1),
('apricotjam@gmail.com', 14, 'Amelia Harris', '0382117712', 'Da Nang', '396 Phan Chau Trinh', 0),
('apricotjam@gmail.com', 15, 'Amelia Harris', '0549803000', 'Da Nang', '440 Nguyen Van Linh', 0),
('apricotpreserve@gmail.com', 16, 'Julian Foster', '0252012329', 'Ho Chi Minh', '456 Pham Ngu Lao', 1),
('apricotpreserve@gmail.com', 17, 'Julian Foster', '0497644911', 'Ho Chi Minh', '1315 Nguyen Dinh Chieu', 0),
('apricotpreserve@gmail.com', 18, 'Julian Foster', '0981177697', 'Ha Noi', '297 Hai Ba Trung', 0),
('avocadosalad@gmail.com', 19, 'Emily Lewis', '0751274271', 'Da Nang', '440 Nguyen Van Linh', 1),
('avocadosalad@gmail.com', 20, 'Emily Lewis', '0316796822', 'Ha Noi', '99 Hang Dao', 0),
('avocadosalad@gmail.com', 21, 'Emily Lewis', '0779400379', 'Da Nang', '43 Nguyen Hiep Thanh', 0),
('bananabread@gmail.com', 22, 'Liam Johnson', '0375039408', 'Ho Chi Minh', '2835 Vo Van Tan', 1),
('bananabread@gmail.com', 23, 'Liam Johnson', '0354021967', 'Da Nang', '396 Phan Chau Trinh', 0),
('bananabread@gmail.com', 24, 'Liam Johnson', '0346629051', 'Da Nang', '220 Hoang Dieu', 0),
('bellpepper@gmail.com', 25, 'William Young', '0053626004', 'Ho Chi Minh', '2227 Pham Van Chi', 1),
('bellpepper@gmail.com', 26, 'William Young', '0019186128', 'Da Nang', '176 Nguyen Van Linh', 0),
('bellpepper@gmail.com', 27, 'William Young', '0377795153', 'Ha Noi', '297 Hai Ba Trung', 0),
('blackberry@gmail.com', 28, 'Isabella Martinez', '0121115110', 'Ho Chi Minh', '2835 Vo Van Tan', 1),
('blackberry@gmail.com', 29, 'Isabella Martinez', '0290526645', 'Da Nang', '220 Hoang Dieu', 0),
('blackberry@gmail.com', 30, 'Isabella Martinez', '0439022659', 'Da Nang', '176 Nguyen Van Linh', 0),
('blackcurrant@gmail.com', 31, 'Hazel Bryant', '0653982641', 'Da Nang', '220 Hoang Dieu', 1),
('blackcurrant@gmail.com', 32, 'Hazel Bryant', '0003669808', 'Da Nang', '440 Nguyen Van Linh', 0),
('blackcurrant@gmail.com', 33, 'Hazel Bryant', '0161211511', 'Ho Chi Minh', '456 Pham Ngu Lao', 0),
('blueberry@gmail.com', 34, 'Oliver Davis', '0487024471', 'Ho Chi Minh', '2227 Pham Van Chi', 1),
('blueberry@gmail.com', 35, 'Oliver Davis', '0838120373', 'Ho Chi Minh', '456 Pham Ngu Lao', 0),
('blueberry@gmail.com', 36, 'Oliver Davis', '0801184664', 'Ho Chi Minh', '2227 Pham Van Chi', 0),
('blueberrycompote@gmail.com', 37, 'Jonathan Butler', '0849033565', 'Ha Noi', '38 Tay Ho', 1),
('blueberrycompote@gmail.com', 38, 'Jonathan Butler', '0940844972', 'Da Nang', '176 Nguyen Van Linh', 0),
('blueberrycompote@gmail.com', 39, 'Jonathan Butler', '0536408667', 'Da Nang', '13 Phan Chau Trinh', 0),
('boysenberry@gmail.com', 40, 'Ellie Wright', '0731562384', 'Ho Chi Minh', '1011 Vo Thi Sau', 1),
('boysenberry@gmail.com', 41, 'Ellie Wright', '0883863513', 'Da Nang', '13 Phan Chau Trinh', 0),
('boysenberry@gmail.com', 42, 'Ellie Wright', '0214466739', 'Da Nang', '43 Nguyen Hiep Thanh', 0),
('broccolisoup@gmail.com', 43, 'Abigail Clark', '0497924947', 'Ha Noi', '33 Hang Gai', 1),
('broccolisoup@gmail.com', 44, 'Abigail Clark', '0220600555', 'Da Nang', '264 Bach Dang', 0),
('broccolisoup@gmail.com', 45, 'Abigail Clark', '0901061860', 'Ha Noi', '297 Hai Ba Trung', 0),
('butterscotch@gmail.com', 46, 'Layla Bennett', '0014314395', 'Ha Noi', '165 Hang Trong', 1),
('butterscotch@gmail.com', 47, 'Layla Bennett', '0871620804', 'Da Nang', '308 Nguyen Thi Minh Khai', 0),
('butterscotch@gmail.com', 48, 'Layla Bennett', '0410764995', 'Ha Noi', '297 Hai Ba Trung', 0),
('caoviethuy22@gmail.com@gmail.com', 49, 'Cao Viet Huy', '0687228476', 'Ho Chi Minh', '2835 Vo Van Tan', 1),
('caoviethuy22@gmail.com@gmail.com', 50, 'Cao Viet Huy', '0881235621', 'Ho Chi Minh', '88 Bau Ca', 0),
('caoviethuy22@gmail.com@gmail.com', 51, 'Cao Viet Huy', '0498938704', 'Ha Noi', '56 Tran Quoc Hoan', 0),
('caramelcorn@gmail.com', 52, 'Addison Perry', '0488329058', 'Ho Chi Minh', '88 Bau Ca', 1),
('caramelcorn@gmail.com', 53, 'Addison Perry', '0613324798', 'Ha Noi', '56 Tran Quoc Hoan', 0),
('caramelcorn@gmail.com', 54, 'Addison Perry', '0056234591', 'Ho Chi Minh', '1923 Le Van Sy', 0),
('carrotcake@gmail.com', 55, 'James Robinson', '0037393769', 'Ha Noi', '231 Kim Ma', 1),
('carrotcake@gmail.com', 56, 'James Robinson', '0654977542', 'Ho Chi Minh', '2227 Pham Van Chi', 0),
('carrotcake@gmail.com', 57, 'James Robinson', '0793396043', 'Da Nang', '220 Hoang Dieu', 0),
('cashewbutter@gmail.com', 58, 'Aiden Perez', '0359886590', 'Ho Chi Minh', '123 Nguyen Van Troi', 1),
('cashewbutter@gmail.com', 59, 'Aiden Perez', '0843817925', 'Ho Chi Minh', '1619 Tran Hung Dao', 0),
('cashewbutter@gmail.com', 60, 'Aiden Perez', '0664522933', 'Ha Noi', '165 Hang Trong', 0),
('cherrypie@gmail.com', 61, 'Wyatt Alexander', '0258393258', 'Ho Chi Minh', '1011 Vo Thi Sau', 1),
('cherrypie@gmail.com', 62, 'Wyatt Alexander', '0269673455', 'Da Nang', '440 Nguyen Van Linh', 0),
('cherrypie@gmail.com', 63, 'Wyatt Alexander', '0281746007', 'Ha Noi', '132 Hang Bac', 0),
('chestnutroast@gmail.com', 64, 'Lily Russell', '0183706981', 'Da Nang', '44 Le Loi', 1),
('chestnutroast@gmail.com', 65, 'Lily Russell', '0430520274', 'Da Nang', '176 Nguyen Van Linh', 0),
('chestnutroast@gmail.com', 66, 'Lily Russell', '0591891081', 'Da Nang', '396 Phan Chau Trinh', 0),
('chocolatechip@gmail.com', 67, 'Gabriel Edwards', '0879225205', 'Da Nang', '440 Nguyen Van Linh', 1),
('chocolatechip@gmail.com', 68, 'Gabriel Edwards', '0452227341', 'Ha Noi', '264 Nguyen Thai Hoc', 0),
('chocolatechip@gmail.com', 69, 'Gabriel Edwards', '0213012139', 'Da Nang', '43 Nguyen Hiep Thanh', 0),
('cinnamonroll@gmail.com', 70, 'Luke Carter', '0265265030', 'Da Nang', '176 Nguyen Van Linh', 1),
('cinnamonroll@gmail.com', 71, 'Luke Carter', '0273897726', 'Da Nang', '264 Bach Dang', 0),
('cinnamonroll@gmail.com', 72, 'Luke Carter', '0652013981', 'Ho Chi Minh', '123 Nguyen Van Troi', 0),
('coconutmilk@gmail.com', 73, 'Logan Martin', '0933845461', 'Ho Chi Minh', '88 Bau Ca', 1),
('coconutmilk@gmail.com', 74, 'Logan Martin', '0034006922', 'Ho Chi Minh', '1315 Nguyen Dinh Chieu', 0),
('coconutmilk@gmail.com', 75, 'Logan Martin', '0282725610', 'Ha Noi', '297 Hai Ba Trung', 0),
('cornonthecob@gmail.com', 76, 'Madison Wright', '0589829685', 'Ho Chi Minh', '123 Nguyen Van Troi', 1),
('cornonthecob@gmail.com', 77, 'Madison Wright', '0868722452', 'Da Nang', '176 Nguyen Van Linh', 0),
('cornonthecob@gmail.com', 78, 'Madison Wright', '0698645020', 'Ha Noi', '38 Tay Ho', 0),
('cornsyrup@gmail.com', 79, 'Paisley Perry', '0624899855', 'Ho Chi Minh', '123 Nguyen Van Troi', 1),
('cornsyrup@gmail.com', 80, 'Paisley Perry', '0896506235', 'Da Nang', '176 Nguyen Van Linh', 0),
('cornsyrup@gmail.com', 81, 'Paisley Perry', '0480124032', 'Da Nang', '440 Nguyen Van Linh', 0),
('cottoncandy@gmail.com', 82, 'Owen Morris', '0395867661', 'Ho Chi Minh', '2835 Vo Van Tan', 1),
('cottoncandy@gmail.com', 83, 'Owen Morris', '0238995564', 'Ho Chi Minh', '789 Ben Thanh', 0),
('cottoncandy@gmail.com', 84, 'Owen Morris', '0966274049', 'Ha Noi', '165 Hang Trong', 0),
('cranberryrelish@gmail.com', 85, 'Adeline Gray', '0592885616', 'Ho Chi Minh', '2531 Nguyen Trai', 1),
('cranberryrelish@gmail.com', 86, 'Adeline Gray', '0086449396', 'Da Nang', '220 Hoang Dieu', 0),
('cranberryrelish@gmail.com', 87, 'Adeline Gray', '0244971853', 'Ha Noi', '297 Hai Ba Trung', 0),
('cucumber@gmail.com', 88, 'Evelyn Martinez', '0119088566', 'Ha Noi', '66 Hang Ngang', 1),
('cucumber@gmail.com', 89, 'Evelyn Martinez', '0185996087', 'Da Nang', '264 Bach Dang', 0),
('cucumber@gmail.com', 90, 'Evelyn Martinez', '0054491017', 'Ho Chi Minh', '1923 Le Van Sy', 0),
('cvh181244@gmail.com', 91, 'Cao Viet Huy', '0241462189', 'Ha Noi', '33 Hang Gai', 1),
('cvh181244@gmail.com', 92, 'Cao Viet Huy', '0839050860', 'Da Nang', '396 Phan Chau Trinh', 0),
('cvh181244@gmail.com', 93, 'Cao Viet Huy', '0123359234', 'Ha Noi', '264 Nguyen Thai Hoc', 0),
('datesyrup@gmail.com', 94, 'Jack Coleman', '0613285830', 'Ha Noi', '56 Tran Quoc Hoan', 1),
('datesyrup@gmail.com', 95, 'Jack Coleman', '0056293847', 'Ha Noi', '33 Hang Gai', 0),
('datesyrup@gmail.com', 96, 'Jack Coleman', '0518886716', 'Ha Noi', '66 Hang Ngang', 0),
('dragonfruit@gmail.com', 97, 'Skylar Mitchell', '0722573022', 'Da Nang', '43 Nguyen Hiep Thanh', 1),
('dragonfruit@gmail.com', 98, 'Skylar Mitchell', '0250893527', 'Da Nang', '13 Phan Chau Trinh', 0),
('dragonfruit@gmail.com', 99, 'Skylar Mitchell', '0285015192', 'Ho Chi Minh', '456 Pham Ngu Lao', 0),
('figjam@gmail.com', 100, 'Claire Long', '0128213690', 'Ha Noi', '165 Hang Trong', 1),
('figjam@gmail.com', 101, 'Claire Long', '0900846471', 'Ha Noi', '264 Nguyen Thai Hoc', 0),
('figjam@gmail.com', 102, 'Claire Long', '0305397812', 'Ho Chi Minh', '789 Ben Thanh', 0),
('garlicbread@gmail.com', 103, 'Michael King', '0735899863', 'Ha Noi', '33 Hang Gai', 1),
('garlicbread@gmail.com', 104, 'Michael King', '0270032857', 'Da Nang', '43 Nguyen Hiep Thanh', 0),
('garlicbread@gmail.com', 105, 'Michael King', '0332138343', 'Ho Chi Minh', '456 Pham Ngu Lao', 0),
('gewrg@gqegqw@gmail.com', 106, 'qwfqwf', '0319637296', 'Ho Chi Minh', '1619 Tran Hung Dao', 1),
('gewrg@gqegqw@gmail.com', 107, 'qwfqwf', '0293220570', 'Ho Chi Minh', '1619 Tran Hung Dao', 0),
('gewrg@gqegqw@gmail.com', 108, 'qwfqwf', '0795364309', 'Ho Chi Minh', '17 Nguyen Trai', 0),
('gingerbread@gmail.com', 109, 'Ellie Morris', '0549773093', 'Ho Chi Minh', '2227 Pham Van Chi', 1),
('gingerbread@gmail.com', 110, 'Ellie Morris', '0987179307', 'Ho Chi Minh', '456 Pham Ngu Lao', 0),
('gingerbread@gmail.com', 111, 'Ellie Morris', '0349883841', 'Ha Noi', '231 Kim Ma', 0),
('gooseberrypie@gmail.com', 112, 'Sarah Evans', '0351013198', 'Da Nang', '132 Dien Bien Phu', 1),
('gooseberrypie@gmail.com', 113, 'Sarah Evans', '0078058052', 'Ha Noi', '330 Ba Trieu', 0),
('gooseberrypie@gmail.com', 114, 'Sarah Evans', '0197539445', 'Ha Noi', '38 Tay Ho', 0),
('grapefruit@gmail.com', 115, 'Mason White', '0231551327', 'Ho Chi Minh', '789 Ben Thanh', 1),
('grapefruit@gmail.com', 116, 'Mason White', '0302252324', 'Da Nang', '132 Dien Bien Phu', 0),
('grapefruit@gmail.com', 117, 'Mason White', '0433681331', 'Ho Chi Minh', '1923 Le Van Sy', 0),
('grapejam@gmail.com', 118, 'Christian Russell', '0644398988', 'Da Nang', '220 Hoang Dieu', 1),
('grapejam@gmail.com', 119, 'Christian Russell', '0813365510', 'Ho Chi Minh', '1315 Nguyen Dinh Chieu', 0),
('grapejam@gmail.com', 120, 'Christian Russell', '0086597626', 'Ha Noi', '56 Tran Quoc Hoan', 0),
('gummyworms@gmail.com', 121, 'Wyatt Murphy', '0978020843', 'Da Nang', '440 Nguyen Van Linh', 1),
('gummyworms@gmail.com', 122, 'Wyatt Murphy', '0684092321', 'Ho Chi Minh', '1011 Vo Thi Sau', 0),
('gummyworms@gmail.com', 123, 'Wyatt Murphy', '0876859748', 'Ha Noi', '132 Hang Bac', 0),
('hazelnutcoffee@gmail.com', 124, 'Samuel Hall', '0863220376', 'Ho Chi Minh', '1011 Vo Thi Sau', 1),
('hazelnutcoffee@gmail.com', 125, 'Samuel Hall', '0216750540', 'Ho Chi Minh', '1923 Le Van Sy', 0),
('hazelnutcoffee@gmail.com', 126, 'Samuel Hall', '0240713246', 'Ha Noi', '198 Tran Duy Hung', 0),
('honeycomb@gmail.com', 127, 'Mila James', '0916990169', 'Da Nang', '396 Phan Chau Trinh', 1),
('honeycomb@gmail.com', 128, 'Mila James', '0237763335', 'Ho Chi Minh', '456 Pham Ngu Lao', 0),
('honeycomb@gmail.com', 129, 'Mila James', '0479856379', 'Ha Noi', '264 Nguyen Thai Hoc', 0),
('huckleberryjam@gmail.com', 130, 'Aaron Simmons', '0387801006', 'Ha Noi', '165 Hang Trong', 1),
('huckleberryjam@gmail.com', 131, 'Aaron Simmons', '0916314142', 'Ha Noi', '92 Ba Trieu', 0),
('huckleberryjam@gmail.com', 132, 'Aaron Simmons', '0858066176', 'Ho Chi Minh', '456 Pham Ngu Lao', 0),
('huyhuy123@hcmut.edu.vn@gmail.com', 133, 'Cao VIet Huy', '0927338762', 'Ha Noi', '198 Tran Duy Hung', 1),
('huyhuy123@hcmut.edu.vn@gmail.com', 134, 'Cao VIet Huy', '0599812216', 'Ho Chi Minh', '2227 Pham Van Chi', 0),
('huyhuy123@hcmut.edu.vn@gmail.com', 135, 'Cao VIet Huy', '0042956545', 'Ha Noi', '33 Hang Gai', 0),
('jellybeans@gmail.com', 136, 'Natalie Watson', '0432999268', 'Ha Noi', '165 Hang Trong', 1),
('jellybeans@gmail.com', 137, 'Natalie Watson', '0247638456', 'Ho Chi Minh', '456 Pham Ngu Lao', 0),
('jellybeans@gmail.com', 138, 'Natalie Watson', '0279713596', 'Ho Chi Minh', '88 Bau Ca', 0),
('kiwismoothie@gmail.com', 139, 'Charlotte Lee', '0430820662', 'Ho Chi Minh', '1011 Vo Thi Sau', 1),
('kiwismoothie@gmail.com', 140, 'Charlotte Lee', '0296302119', 'Da Nang', '13 Phan Chau Trinh', 0),
('kiwismoothie@gmail.com', 141, 'Charlotte Lee', '0229462572', 'Da Nang', '352 Tran Phu', 0),
('kumquatmarmalade@gmail.com', 142, 'Hailey Murphy', '0714176473', 'Ho Chi Minh', '1923 Le Van Sy', 1),
('kumquatmarmalade@gmail.com', 143, 'Hailey Murphy', '0590050962', 'Ho Chi Minh', '1315 Nguyen Dinh Chieu', 0),
('kumquatmarmalade@gmail.com', 144, 'Hailey Murphy', '0195973344', 'Ha Noi', '330 Ba Trieu', 0),
('lemonade@gmail.com', 145, 'Harper Thompson', '0808992506', 'Da Nang', '440 Nguyen Van Linh', 1),
('lemonade@gmail.com', 146, 'Harper Thompson', '0434660891', 'Da Nang', '13 Phan Chau Trinh', 0),
('lemonade@gmail.com', 147, 'Harper Thompson', '0886854017', 'Ho Chi Minh', '88 Bau Ca', 0),
('lettucewraps@gmail.com', 148, 'Mia Allen', '0219853418', 'Ha Noi', '38 Tay Ho', 1),
('lettucewraps@gmail.com', 149, 'Mia Allen', '0947553663', 'Da Nang', '264 Bach Dang', 0),
('lettucewraps@gmail.com', 150, 'Mia Allen', '0775429513', 'Ha Noi', '165 Hang Trong', 0),
('licorice@gmail.com', 151, 'Elizabeth Brooks', '0710241653', 'Ho Chi Minh', '17 Nguyen Trai', 1),
('licorice@gmail.com', 152, 'Elizabeth Brooks', '0696787758', 'Ha Noi', '297 Hai Ba Trung', 0),
('licorice@gmail.com', 153, 'Elizabeth Brooks', '0715435679', 'Ho Chi Minh', '1923 Le Van Sy', 0),
('lollipop@gmail.com', 154, 'Lillian Ross', '0681404347', 'Da Nang', '13 Phan Chau Trinh', 1),
('lollipop@gmail.com', 155, 'Lillian Ross', '0258024393', 'Ha Noi', '99 Hang Dao', 0),
('lollipop@gmail.com', 156, 'Lillian Ross', '0629166624', 'Ho Chi Minh', '1619 Tran Hung Dao', 0),
('lycheejelly@gmail.com', 157, 'Henry Hill', '0514110827', 'Ha Noi', '165 Hang Trong', 1),
('lycheejelly@gmail.com', 158, 'Henry Hill', '0195257867', 'Da Nang', '308 Nguyen Thi Minh Khai', 0),
('lycheejelly@gmail.com', 159, 'Henry Hill', '0806328517', 'Ha Noi', '297 Hai Ba Trung', 0),
('macadamianuts@gmail.com', 160, 'Aubrey Flores', '0810301324', 'Ha Noi', '56 Tran Quoc Hoan', 1),
('macadamianuts@gmail.com', 161, 'Aubrey Flores', '0339029338', 'Ha Noi', '231 Kim Ma', 0),
('macadamianuts@gmail.com', 162, 'Aubrey Flores', '0051850891', 'Ho Chi Minh', '2227 Pham Van Chi', 0),
('mandarinorange@gmail.com', 163, 'Maya Powell', '0958398062', 'Ho Chi Minh', '1011 Vo Thi Sau', 1),
('mandarinorange@gmail.com', 164, 'Maya Powell', '0172159726', 'Ho Chi Minh', '88 Bau Ca', 0),
('mandarinorange@gmail.com', 165, 'Maya Powell', '0753963354', 'Da Nang', '132 Dien Bien Phu', 0),
('mangojuice@gmail.com', 166, 'Lucas Thomas', '0153063347', 'Da Nang', '13 Phan Chau Trinh', 1),
('mangojuice@gmail.com', 167, 'Lucas Thomas', '0348453778', 'Da Nang', '264 Bach Dang', 0),
('mangojuice@gmail.com', 168, 'Lucas Thomas', '0692537612', 'Ha Noi', '99 Hang Dao', 0),
('maplesyrup@gmail.com', 169, 'Levi Bailey', '0558673843', 'Da Nang', '43 Nguyen Hiep Thanh', 1),
('maplesyrup@gmail.com', 170, 'Levi Bailey', '0566653069', 'Da Nang', '308 Nguyen Thi Minh Khai', 0),
('maplesyrup@gmail.com', 171, 'Levi Bailey', '0607616684', 'Ho Chi Minh', '2835 Vo Van Tan', 0),
('marmalade@gmail.com', 172, 'Eleanor Ford', '0804889042', 'Ho Chi Minh', '456 Pham Ngu Lao', 1),
('marmalade@gmail.com', 173, 'Eleanor Ford', '0004961520', 'Ho Chi Minh', '1011 Vo Thi Sau', 0),
('marmalade@gmail.com', 174, 'Eleanor Ford', '0350092335', 'Ha Noi', '99 Hang Dao', 0),
('marshmallow@gmail.com', 175, 'John Jenkins', '0432894638', 'Da Nang', '308 Nguyen Thi Minh Khai', 1),
('marshmallow@gmail.com', 176, 'John Jenkins', '0161859886', 'Ha Noi', '264 Nguyen Thai Hoc', 0),
('marshmallow@gmail.com', 177, 'John Jenkins', '0608773447', 'Ha Noi', '92 Ba Trieu', 0),
('melonsorbet@gmail.com', 178, 'Camila Flores', '0005580190', 'Ha Noi', '264 Nguyen Thai Hoc', 1),
('melonsorbet@gmail.com', 179, 'Camila Flores', '0357777602', 'Ho Chi Minh', '456 Pham Ngu Lao', 0),
('melonsorbet@gmail.com', 180, 'Camila Flores', '0240884136', 'Da Nang', '13 Phan Chau Trinh', 0),
('mushroom@gmail.com', 181, 'Scarlett Hill', '0125236353', 'Da Nang', '352 Tran Phu', 1),
('mushroom@gmail.com', 182, 'Scarlett Hill', '0689411501', 'Da Nang', '132 Dien Bien Phu', 0),
('mushroom@gmail.com', 183, 'Scarlett Hill', '0240402006', 'Da Nang', '308 Nguyen Thi Minh Khai', 0),
('oatmealcookie@gmail.com', 184, 'Carter Sanchez', '0468844050', 'Da Nang', '308 Nguyen Thi Minh Khai', 1),
('oatmealcookie@gmail.com', 185, 'Carter Sanchez', '0730843027', 'Ho Chi Minh', '88 Bau Ca', 0),
('oatmealcookie@gmail.com', 186, 'Carter Sanchez', '0556594718', 'Ha Noi', '92 Ba Trieu', 0),
('olivetapenade@gmail.com', 187, 'Avery Adams', '0292954744', 'Da Nang', '176 Nguyen Van Linh', 1),
('olivetapenade@gmail.com', 188, 'Avery Adams', '0572959185', 'Da Nang', '396 Phan Chau Trinh', 0),
('olivetapenade@gmail.com', 189, 'Avery Adams', '0097648001', 'Da Nang', '13 Phan Chau Trinh', 0),
('onionrings@gmail.com', 190, 'Ella Hernandez', '0429177083', 'Ho Chi Minh', '17 Nguyen Trai', 1),
('onionrings@gmail.com', 191, 'Ella Hernandez', '0590452032', 'Ho Chi Minh', '456 Pham Ngu Lao', 0),
('onionrings@gmail.com', 192, 'Ella Hernandez', '0833620440', 'Ha Noi', '231 Kim Ma', 0),
('orangezest@gmail.com', 193, 'Ethan Garcia', '0041944475', 'Da Nang', '264 Bach Dang', 1),
('orangezest@gmail.com', 194, 'Ethan Garcia', '0988282739', 'Ho Chi Minh', '2531 Nguyen Trai', 0),
('orangezest@gmail.com', 195, 'Ethan Garcia', '0173654766', 'Ho Chi Minh', '1315 Nguyen Dinh Chieu', 0),
('papayapuree@gmail.com', 196, 'Eli Carter', '0532979605', 'Da Nang', '132 Dien Bien Phu', 1),
('papayapuree@gmail.com', 197, 'Eli Carter', '0723719484', 'Da Nang', '396 Phan Chau Trinh', 0),
('papayapuree@gmail.com', 198, 'Eli Carter', '0696042381', 'Da Nang', '13 Phan Chau Trinh', 0),
('peachcobbler@gmail.com', 199, 'Sophia Taylor', '0367665712', 'Ho Chi Minh', '789 Ben Thanh', 1),
('peachcobbler@gmail.com', 200, 'Sophia Taylor', '0234592699', 'Ha Noi', '231 Kim Ma', 0),
('peachcobbler@gmail.com', 201, 'Sophia Taylor', '0845719355', 'Ho Chi Minh', '1315 Nguyen Dinh Chieu', 0),
('peanutbutter@gmail.com', 202, 'Grace Rivera', '0342928915', 'Da Nang', '264 Bach Dang', 1),
('peanutbutter@gmail.com', 203, 'Grace Rivera', '0124783850', 'Ho Chi Minh', '2531 Nguyen Trai', 0),
('peanutbutter@gmail.com', 204, 'Grace Rivera', '0913494208', 'Ha Noi', '165 Hang Trong', 0),
('pecanpie@gmail.com', 205, 'Chloe Walker', '0432200134', 'Ha Noi', '297 Hai Ba Trung', 1),
('pecanpie@gmail.com', 206, 'Chloe Walker', '0512700386', 'Da Nang', '132 Dien Bien Phu', 0),
('pecanpie@gmail.com', 207, 'Chloe Walker', '0808339916', 'Ho Chi Minh', '17 Nguyen Trai', 0),
('peppermint@gmail.com', 208, 'Isaac Sanders', '0369819408', 'Ho Chi Minh', '88 Bau Ca', 1),
('peppermint@gmail.com', 209, 'Isaac Sanders', '0542008455', 'Da Nang', '264 Bach Dang', 0),
('peppermint@gmail.com', 210, 'Isaac Sanders', '0906773649', 'Ha Noi', '297 Hai Ba Trung', 0),
('persimmonjam@gmail.com', 211, 'Ariana Perry', '0474951205', 'Da Nang', '88 Pham Van Dong', 1),
('persimmonjam@gmail.com', 212, 'Ariana Perry', '0007572399', 'Da Nang', '396 Phan Chau Trinh', 0),
('persimmonjam@gmail.com', 213, 'Ariana Perry', '0622926447', 'Ha Noi', '132 Hang Bac', 0),
('phuc.dangphanminh@hcmut.edu.vn', 214, 'Đặng Phan Minh Phúc', '0185998341', 'Da Nang', '88 Pham Van Dong', 1),
('phuc.dangphanminh@hcmut.edu.vn', 215, 'Đặng Phan Minh Phúc', '0961782604', 'Da Nang', '396 Phan Chau Trinh', 0),
('phuc.dangphanminh@hcmut.edu.vn', 216, 'Đặng Phan Minh Phúc', '0224027704', 'Ha Noi', '38 Tay Ho', 0),
('pineapple@gmail.com', 217, 'Ava Jones', '0128833371', 'Da Nang', '43 Nguyen Hiep Thanh', 1),
('pineapple@gmail.com', 218, 'Ava Jones', '0559621883', 'Ho Chi Minh', '1011 Vo Thi Sau', 0),
('pineapple@gmail.com', 219, 'Ava Jones', '0186130823', 'Ho Chi Minh', '1619 Tran Hung Dao', 0),
('pistachiopudding@gmail.com', 220, 'David Price', '0768734007', 'Ho Chi Minh', '1011 Vo Thi Sau', 1),
('pistachiopudding@gmail.com', 221, 'David Price', '0496491073', 'Ho Chi Minh', '2531 Nguyen Trai', 0),
('pistachiopudding@gmail.com', 222, 'David Price', '0295530270', 'Ha Noi', '38 Tay Ho', 0),
('plumcobbler@gmail.com', 223, 'Nicholas Richardson', '0028906576', 'Ho Chi Minh', '456 Pham Ngu Lao', 1),
('plumcobbler@gmail.com', 224, 'Nicholas Richardson', '0404080276', 'Da Nang', '88 Pham Van Dong', 0),
('plumcobbler@gmail.com', 225, 'Nicholas Richardson', '0363282448', 'Da Nang', '308 Nguyen Thi Minh Khai', 0),
('popcornball@gmail.com', 226, 'Ryan Cox', '0333589731', 'Da Nang', '308 Nguyen Thi Minh Khai', 1),
('popcornball@gmail.com', 227, 'Ryan Cox', '0859365155', 'Da Nang', '396 Phan Chau Trinh', 0),
('popcornball@gmail.com', 228, 'Ryan Cox', '0964721872', 'Da Nang', '176 Nguyen Van Linh', 0),
('potatosalad@gmail.com', 229, 'Daniel Lopez', '0595120028', 'Ho Chi Minh', '88 Bau Ca', 1),
('potatosalad@gmail.com', 230, 'Daniel Lopez', '0704257831', 'Ha Noi', '56 Tran Quoc Hoan', 0),
('potatosalad@gmail.com', 231, 'Daniel Lopez', '0051477882', 'Ha Noi', '297 Hai Ba Trung', 0),
('quinoasalad@gmail.com', 232, 'Jackson Baker', '0615502273', 'Ha Noi', '33 Hang Gai', 1),
('quinoasalad@gmail.com', 233, 'Jackson Baker', '0149455764', 'Ha Noi', '33 Hang Gai', 0),
('quinoasalad@gmail.com', 234, 'Jackson Baker', '0354617134', 'Ho Chi Minh', '456 Pham Ngu Lao', 0),
('qwfqw@gqwgfqw@gmail.com', 235, 'Moi Nhat ne', '0323658861', 'Ho Chi Minh', '1619 Tran Hung Dao', 1),
('qwfqw@gqwgfqw@gmail.com', 236, 'Moi Nhat ne', '0895597057', 'Ha Noi', '264 Nguyen Thai Hoc', 0),
('qwfqw@gqwgfqw@gmail.com', 237, 'Moi Nhat ne', '0801834966', 'Ha Noi', '165 Hang Trong', 0),
('raspberry@gmail.com', 238, 'Elijah Anderson', '0754615897', 'Ho Chi Minh', '1315 Nguyen Dinh Chieu', 1),
('raspberry@gmail.com', 239, 'Elijah Anderson', '0638413821', 'Ho Chi Minh', '1923 Le Van Sy', 0),
('raspberry@gmail.com', 240, 'Elijah Anderson', '0435547158', 'Ho Chi Minh', '1011 Vo Thi Sau', 0),
('rhubarbjelly@gmail.com', 241, 'Hunter Marshall', '0815464759', 'Ha Noi', '33 Hang Gai', 1),
('rhubarbjelly@gmail.com', 242, 'Hunter Marshall', '0239716840', 'Da Nang', '43 Nguyen Hiep Thanh', 0),
('rhubarbjelly@gmail.com', 243, 'Hunter Marshall', '0417306671', 'Da Nang', '396 Phan Chau Trinh', 0),
('ricepaperrolls@gmail.com', 244, 'Sofia Nelson', '0151428959', 'Da Nang', '440 Nguyen Van Linh', 1),
('ricepaperrolls@gmail.com', 245, 'Sofia Nelson', '0515798061', 'Ha Noi', '99 Hang Dao', 0),
('ricepaperrolls@gmail.com', 246, 'Sofia Nelson', '0755435667', 'Ha Noi', '165 Hang Trong', 0),
('rockcandy@gmail.com', 247, 'Caleb Kim', '0086552732', 'Da Nang', '220 Hoang Dieu', 1),
('rockcandy@gmail.com', 248, 'Caleb Kim', '0204427214', 'Da Nang', '440 Nguyen Van Linh', 0),
('rockcandy@gmail.com', 249, 'Caleb Kim', '0462287706', 'Da Nang', '264 Bach Dang', 0),
('sesamecrackers@gmail.com', 250, 'Sebastian Carter', '0475438289', 'Da Nang', '132 Dien Bien Phu', 1),
('sesamecrackers@gmail.com', 251, 'Sebastian Carter', '0854875007', 'Ho Chi Minh', '1315 Nguyen Dinh Chieu', 0),
('sesamecrackers@gmail.com', 252, 'Sebastian Carter', '0502804012', 'Ho Chi Minh', '1315 Nguyen Dinh Chieu', 0),
('shortbread@gmail.com', 253, 'Hannah Stewart', '0814796554', 'Ha Noi', '66 Hang Ngang', 1),
('shortbread@gmail.com', 254, 'Hannah Stewart', '0445484088', 'Ho Chi Minh', '2531 Nguyen Trai', 0),
('shortbread@gmail.com', 255, 'Hannah Stewart', '0965000405', 'Da Nang', '440 Nguyen Van Linh', 0),
('spinach@gmail.com', 256, 'Benjamin Hall', '0929192839', 'Ha Noi', '198 Tran Duy Hung', 1),
('spinach@gmail.com', 257, 'Benjamin Hall', '0588531112', 'Da Nang', '352 Tran Phu', 0),
('spinach@gmail.com', 258, 'Benjamin Hall', '0353579944', 'Ha Noi', '297 Hai Ba Trung', 0),
('strawberry@gmail.com', 259, 'Olivia Williams', '0164456151', 'Ho Chi Minh', '2531 Nguyen Trai', 1),
('strawberry@gmail.com', 260, 'Olivia Williams', '0285559649', 'Ho Chi Minh', '1923 Le Van Sy', 0),
('strawberry@gmail.com', 261, 'Olivia Williams', '0665928268', 'Ha Noi', '231 Kim Ma', 0),
('strawberryjam@gmail.com', 262, 'Kylie Washington', '0768970937', 'Da Nang', '13 Phan Chau Trinh', 1),
('strawberryjam@gmail.com', 263, 'Kylie Washington', '0795716297', 'Ha Noi', '33 Hang Gai', 0),
('strawberryjam@gmail.com', 264, 'Kylie Washington', '0693306506', 'Ha Noi', '198 Tran Duy Hung', 0),
('taffycandy@gmail.com', 265, 'Nathan Reyes', '0521604624', 'Ho Chi Minh', '2531 Nguyen Trai', 1),
('taffycandy@gmail.com', 266, 'Nathan Reyes', '0422129513', 'Ho Chi Minh', '88 Bau Ca', 0),
('taffycandy@gmail.com', 267, 'Nathan Reyes', '0569661913', 'Ho Chi Minh', '456 Pham Ngu Lao', 0),
('tangerinetart@gmail.com', 268, 'Nova Bell', '0959762296', 'Ha Noi', '33 Hang Gai', 1),
('tangerinetart@gmail.com', 269, 'Nova Bell', '0547455636', 'Ho Chi Minh', '88 Bau Ca', 0),
('tangerinetart@gmail.com', 270, 'Nova Bell', '0704934689', 'Da Nang', '43 Nguyen Hiep Thanh', 0),
('toffeecaramel@gmail.com', 271, 'Brooklyn Howard', '0584564141', 'Ho Chi Minh', '789 Ben Thanh', 1),
('toffeecaramel@gmail.com', 272, 'Brooklyn Howard', '0128995254', 'Ha Noi', '92 Ba Trieu', 0),
('toffeecaramel@gmail.com', 273, 'Brooklyn Howard', '0929302024', 'Ho Chi Minh', '123 Nguyen Van Troi', 0),
('tomatosauce@gmail.com', 274, 'Alexander Rodriguez', '0435231858', 'Da Nang', '88 Pham Van Dong', 1),
('tomatosauce@gmail.com', 275, 'Alexander Rodriguez', '0422176143', 'Ho Chi Minh', '1011 Vo Thi Sau', 0),
('tomatosauce@gmail.com', 276, 'Alexander Rodriguez', '0502875552', 'Ho Chi Minh', '2835 Vo Van Tan', 0),
('vanillacupcake@gmail.com', 277, 'Zoe Phillips', '0022045411', 'Da Nang', '440 Nguyen Van Linh', 1),
('vanillacupcake@gmail.com', 278, 'Zoe Phillips', '0404391134', 'Ho Chi Minh', '1619 Tran Hung Dao', 0),
('vanillacupcake@gmail.com', 279, 'Zoe Phillips', '0109078761', 'Da Nang', '396 Phan Chau Trinh', 0),
('walnutcake@gmail.com', 280, 'Matthew Scott', '0743532614', 'Ha Noi', '56 Tran Quoc Hoan', 1),
('walnutcake@gmail.com', 281, 'Matthew Scott', '0951475939', 'Da Nang', '176 Nguyen Van Linh', 0),
('walnutcake@gmail.com', 282, 'Matthew Scott', '0922772250', 'Ha Noi', '297 Hai Ba Trung', 0),
('watermelon@gmail.com', 283, 'Noah Brown', '0558108519', 'Da Nang', '352 Tran Phu', 1),
('watermelon@gmail.com', 284, 'Noah Brown', '0393868150', 'Ho Chi Minh', '2835 Vo Van Tan', 0),
('watermelon@gmail.com', 285, 'Noah Brown', '0028807015', 'Ho Chi Minh', '17 Nguyen Trai', 0),
('wfqwfqwf@gmail.com', 286, 'SASAS', '0254814237', 'Ho Chi Minh', '1619 Tran Hung Dao', 1),
('wfqwfqwf@gmail.com', 287, 'SASAS', '0455007703', 'Ho Chi Minh', '1619 Tran Hung Dao', 0),
('wfqwfqwf@gmail.com', 288, 'SASAS', '0702981114', 'Ho Chi Minh', '1619 Tran Hung Dao', 0),
('zucchinibread@gmail.com', 289, 'Henry Green', '0267776354', 'Ha Noi', '132 Hang Bac', 1),
('zucchinibread@gmail.com', 290, 'Henry Green', '0419323615', 'Ha Noi', '33 Hang Gai', 0),
('zucchinibread@gmail.com', 291, 'Henry Green', '0541380934', 'Da Nang', '440 Nguyen Van Linh', 0);

-- --------------------------------------------------------

--
-- Table structure for table `user`
--

DROP TABLE IF EXISTS `user`;
CREATE TABLE IF NOT EXISTS `user` (
  `email` varchar(255) NOT NULL,
  `encoded_password` varchar(255) NOT NULL,
  `fullname` varchar(255) NOT NULL,
  `role` varchar(10) NOT NULL,
  `phone` varchar(10) DEFAULT NULL,
  PRIMARY KEY (`email`)
) ENGINE=InnoDB DEFAULT CHARSET=utf8mb4 COLLATE=utf8mb4_general_ci;

--
-- RELATIONSHIPS FOR TABLE `user`:
--

--
-- Dumping data for table `user`
--

INSERT INTO `user` (`email`, `encoded_password`, `fullname`, `role`, `phone`) VALUES
('abc@gmail.com', 'cf38799cb5e58fe29dc18bc563092d33cf262307b736f1e1fa3efd28d6d5161b', 'avc', 'customer', '0201026777'),
('agavenectar@gmail.com', 'cf38799cb5e58fe29dc18bc563092d33cf262307b736f1e1fa3efd28d6d5161b', 'Jayden Rivera', 'customer', '0304838490'),
('almondmilk@gmail.com', 'cf38799cb5e58fe29dc18bc563092d33cf262307b736f1e1fa3efd28d6d5161b', 'Aria Mitchell', 'customer', '0163623038'),
('applepie@gmail.com', 'cf38799cb5e58fe29dc18bc563092d33cf262307b736f1e1fa3efd28d6d5161b', 'Emma Smith', 'customer', '0128110617'),
('apricotjam@gmail.com', 'cf38799cb5e58fe29dc18bc563092d33cf262307b736f1e1fa3efd28d6d5161b', 'Amelia Harris', 'customer', '0185254065'),
('apricotpreserve@gmail.com', 'cf38799cb5e58fe29dc18bc563092d33cf262307b736f1e1fa3efd28d6d5161b', 'Julian Foster', 'customer', '0120807451'),
('avocadosalad@gmail.com', 'cf38799cb5e58fe29dc18bc563092d33cf262307b736f1e1fa3efd28d6d5161b', 'Emily Lewis', 'customer', '0361082042'),
('bananabread@gmail.com', 'cf38799cb5e58fe29dc18bc563092d33cf262307b736f1e1fa3efd28d6d5161b', 'Liam Johnson', 'customer', '0961514477'),
('bellpepper@gmail.com', 'cf38799cb5e58fe29dc18bc563092d33cf262307b736f1e1fa3efd28d6d5161b', 'William Young', 'customer', '0457797255'),
('blackberry@gmail.com', 'cf38799cb5e58fe29dc18bc563092d33cf262307b736f1e1fa3efd28d6d5161b', 'Isabella Martinez', 'customer', '0384573905'),
('blackcurrant@gmail.com', 'cf38799cb5e58fe29dc18bc563092d33cf262307b736f1e1fa3efd28d6d5161b', 'Hazel Bryant', 'customer', '0834471514'),
('blueberry@gmail.com', 'cf38799cb5e58fe29dc18bc563092d33cf262307b736f1e1fa3efd28d6d5161b', 'Oliver Davis', 'customer', '0997550408'),
('blueberrycompote@gmail.com', 'cf38799cb5e58fe29dc18bc563092d33cf262307b736f1e1fa3efd28d6d5161b', 'Jonathan Butler', 'customer', '0847581195'),
('boysenberry@gmail.com', 'cf38799cb5e58fe29dc18bc563092d33cf262307b736f1e1fa3efd28d6d5161b', 'Ellie Wright', 'customer', '0381372755'),
('broccolisoup@gmail.com', 'cf38799cb5e58fe29dc18bc563092d33cf262307b736f1e1fa3efd28d6d5161b', 'Abigail Clark', 'customer', '0038646319'),
('butterscotch@gmail.com', 'cf38799cb5e58fe29dc18bc563092d33cf262307b736f1e1fa3efd28d6d5161b', 'Layla Bennett', 'customer', '0028628670'),
('caoviethuy22@gmail.com@gmail.com', 'cf38799cb5e58fe29dc18bc563092d33cf262307b736f1e1fa3efd28d6d5161b', 'Cao Viet Huy', 'customer', '0459620788'),
('caramelcorn@gmail.com', 'cf38799cb5e58fe29dc18bc563092d33cf262307b736f1e1fa3efd28d6d5161b', 'Addison Perry', 'customer', '0205962621'),
('carrotcake@gmail.com', 'cf38799cb5e58fe29dc18bc563092d33cf262307b736f1e1fa3efd28d6d5161b', 'James Robinson', 'customer', '0769293399'),
('cashewbutter@gmail.com', 'cf38799cb5e58fe29dc18bc563092d33cf262307b736f1e1fa3efd28d6d5161b', 'Aiden Perez', 'customer', '0043037306'),
('cherrypie@gmail.com', 'cf38799cb5e58fe29dc18bc563092d33cf262307b736f1e1fa3efd28d6d5161b', 'Wyatt Alexander', 'customer', '0139671043'),
('chestnutroast@gmail.com', 'cf38799cb5e58fe29dc18bc563092d33cf262307b736f1e1fa3efd28d6d5161b', 'Lily Russell', 'customer', '0143731736'),
('chocolatechip@gmail.com', 'cf38799cb5e58fe29dc18bc563092d33cf262307b736f1e1fa3efd28d6d5161b', 'Gabriel Edwards', 'customer', '0442670497'),
('cinnamonroll@gmail.com', 'cf38799cb5e58fe29dc18bc563092d33cf262307b736f1e1fa3efd28d6d5161b', 'Luke Carter', 'customer', '0650803919'),
('coconutmilk@gmail.com', 'cf38799cb5e58fe29dc18bc563092d33cf262307b736f1e1fa3efd28d6d5161b', 'Logan Martin', 'customer', '0566720045'),
('cornonthecob@gmail.com', 'cf38799cb5e58fe29dc18bc563092d33cf262307b736f1e1fa3efd28d6d5161b', 'Madison Wright', 'customer', '0666282534'),
('cornsyrup@gmail.com', 'cf38799cb5e58fe29dc18bc563092d33cf262307b736f1e1fa3efd28d6d5161b', 'Paisley Perry', 'customer', '0331444637'),
('cottoncandy@gmail.com', 'cf38799cb5e58fe29dc18bc563092d33cf262307b736f1e1fa3efd28d6d5161b', 'Owen Morris', 'customer', '0595490069'),
('cranberryrelish@gmail.com', 'cf38799cb5e58fe29dc18bc563092d33cf262307b736f1e1fa3efd28d6d5161b', 'Adeline Gray', 'customer', '0264607747'),
('cucumber@gmail.com', 'cf38799cb5e58fe29dc18bc563092d33cf262307b736f1e1fa3efd28d6d5161b', 'Evelyn Martinez', 'customer', '0261734030'),
('cvh181244@gmail.com', 'cf38799cb5e58fe29dc18bc563092d33cf262307b736f1e1fa3efd28d6d5161b', 'Cao Viet Huy', 'customer', '0500802710'),
('datesyrup@gmail.com', 'cf38799cb5e58fe29dc18bc563092d33cf262307b736f1e1fa3efd28d6d5161b', 'Jack Coleman', 'customer', '0811332296'),
('dragonfruit@gmail.com', 'cf38799cb5e58fe29dc18bc563092d33cf262307b736f1e1fa3efd28d6d5161b', 'Skylar Mitchell', 'customer', '0770084916'),
('figjam@gmail.com', 'cf38799cb5e58fe29dc18bc563092d33cf262307b736f1e1fa3efd28d6d5161b', 'Claire Long', 'customer', '0121996515'),
('garlicbread@gmail.com', 'cf38799cb5e58fe29dc18bc563092d33cf262307b736f1e1fa3efd28d6d5161b', 'Michael King', 'customer', '0051027253'),
('gewrg@gqegqw@gmail.com', 'cf38799cb5e58fe29dc18bc563092d33cf262307b736f1e1fa3efd28d6d5161b', 'qwfqwf', 'customer', '0338175697'),
('gingerbread@gmail.com', 'cf38799cb5e58fe29dc18bc563092d33cf262307b736f1e1fa3efd28d6d5161b', 'Ellie Morris', 'customer', '0546850600'),
('gooseberrypie@gmail.com', 'cf38799cb5e58fe29dc18bc563092d33cf262307b736f1e1fa3efd28d6d5161b', 'Sarah Evans', 'customer', '0294891038'),
('grapefruit@gmail.com', 'cf38799cb5e58fe29dc18bc563092d33cf262307b736f1e1fa3efd28d6d5161b', 'Mason White', 'customer', '0601173776'),
('grapejam@gmail.com', 'cf38799cb5e58fe29dc18bc563092d33cf262307b736f1e1fa3efd28d6d5161b', 'Christian Russell', 'customer', '0267452413'),
('gummyworms@gmail.com', 'cf38799cb5e58fe29dc18bc563092d33cf262307b736f1e1fa3efd28d6d5161b', 'Wyatt Murphy', 'customer', '0252902171'),
('hazelnutcoffee@gmail.com', 'cf38799cb5e58fe29dc18bc563092d33cf262307b736f1e1fa3efd28d6d5161b', 'Samuel Hall', 'customer', '0542814614'),
('honeycomb@gmail.com', 'cf38799cb5e58fe29dc18bc563092d33cf262307b736f1e1fa3efd28d6d5161b', 'Mila James', 'customer', '0120128077'),
('huckleberryjam@gmail.com', 'cf38799cb5e58fe29dc18bc563092d33cf262307b736f1e1fa3efd28d6d5161b', 'Aaron Simmons', 'customer', '0790005552'),
('huyhuy123@hcmut.edu.vn@gmail.com', 'cf38799cb5e58fe29dc18bc563092d33cf262307b736f1e1fa3efd28d6d5161b', 'Cao VIet Huy', 'customer', '0765699763'),
('jellybeans@gmail.com', 'cf38799cb5e58fe29dc18bc563092d33cf262307b736f1e1fa3efd28d6d5161b', 'Natalie Watson', 'customer', '0654367701'),
('kiwismoothie@gmail.com', 'cf38799cb5e58fe29dc18bc563092d33cf262307b736f1e1fa3efd28d6d5161b', 'Charlotte Lee', 'customer', '0955972293'),
('kumquatmarmalade@gmail.com', 'cf38799cb5e58fe29dc18bc563092d33cf262307b736f1e1fa3efd28d6d5161b', 'Hailey Murphy', 'customer', '0828507895'),
('lemonade@gmail.com', 'cf38799cb5e58fe29dc18bc563092d33cf262307b736f1e1fa3efd28d6d5161b', 'Harper Thompson', 'customer', '0748293911'),
('lettucewraps@gmail.com', 'cf38799cb5e58fe29dc18bc563092d33cf262307b736f1e1fa3efd28d6d5161b', 'Mia Allen', 'customer', '0964504358'),
('licorice@gmail.com', 'cf38799cb5e58fe29dc18bc563092d33cf262307b736f1e1fa3efd28d6d5161b', 'Elizabeth Brooks', 'customer', '0218976128'),
('lollipop@gmail.com', 'cf38799cb5e58fe29dc18bc563092d33cf262307b736f1e1fa3efd28d6d5161b', 'Lillian Ross', 'customer', '0384492897'),
('lycheejelly@gmail.com', 'cf38799cb5e58fe29dc18bc563092d33cf262307b736f1e1fa3efd28d6d5161b', 'Henry Hill', 'customer', '0826515503'),
('macadamianuts@gmail.com', 'cf38799cb5e58fe29dc18bc563092d33cf262307b736f1e1fa3efd28d6d5161b', 'Aubrey Flores', 'customer', '0622981611'),
('mandarinorange@gmail.com', 'cf38799cb5e58fe29dc18bc563092d33cf262307b736f1e1fa3efd28d6d5161b', 'Maya Powell', 'customer', '0980396352'),
('mangojuice@gmail.com', 'cf38799cb5e58fe29dc18bc563092d33cf262307b736f1e1fa3efd28d6d5161b', 'Lucas Thomas', 'customer', '0318712381'),
('maplesyrup@gmail.com', 'cf38799cb5e58fe29dc18bc563092d33cf262307b736f1e1fa3efd28d6d5161b', 'Levi Bailey', 'customer', '0735586390'),
('marmalade@gmail.com', 'cf38799cb5e58fe29dc18bc563092d33cf262307b736f1e1fa3efd28d6d5161b', 'Eleanor Ford', 'customer', '0991900953'),
('marshmallow@gmail.com', 'cf38799cb5e58fe29dc18bc563092d33cf262307b736f1e1fa3efd28d6d5161b', 'John Jenkins', 'customer', '0461814527'),
('melonsorbet@gmail.com', 'cf38799cb5e58fe29dc18bc563092d33cf262307b736f1e1fa3efd28d6d5161b', 'Camila Flores', 'customer', '0947016012'),
('mushroom@gmail.com', 'cf38799cb5e58fe29dc18bc563092d33cf262307b736f1e1fa3efd28d6d5161b', 'Scarlett Hill', 'customer', '0373760675'),
('oatmealcookie@gmail.com', 'cf38799cb5e58fe29dc18bc563092d33cf262307b736f1e1fa3efd28d6d5161b', 'Carter Sanchez', 'customer', '0355819415'),
('olivetapenade@gmail.com', 'cf38799cb5e58fe29dc18bc563092d33cf262307b736f1e1fa3efd28d6d5161b', 'Avery Adams', 'customer', '0646628026'),
('onionrings@gmail.com', 'cf38799cb5e58fe29dc18bc563092d33cf262307b736f1e1fa3efd28d6d5161b', 'Ella Hernandez', 'customer', '0607675634'),
('orangezest@gmail.com', 'cf38799cb5e58fe29dc18bc563092d33cf262307b736f1e1fa3efd28d6d5161b', 'Ethan Garcia', 'customer', '0993717703'),
('papayapuree@gmail.com', 'cf38799cb5e58fe29dc18bc563092d33cf262307b736f1e1fa3efd28d6d5161b', 'Eli Carter', 'customer', '0644050692'),
('peachcobbler@gmail.com', 'cf38799cb5e58fe29dc18bc563092d33cf262307b736f1e1fa3efd28d6d5161b', 'Sophia Taylor', 'customer', '0521120321'),
('peanutbutter@gmail.com', 'cf38799cb5e58fe29dc18bc563092d33cf262307b736f1e1fa3efd28d6d5161b', 'Grace Rivera', 'customer', '0137246375'),
('pecanpie@gmail.com', 'cf38799cb5e58fe29dc18bc563092d33cf262307b736f1e1fa3efd28d6d5161b', 'Chloe Walker', 'customer', '0328481097'),
('peppermint@gmail.com', 'cf38799cb5e58fe29dc18bc563092d33cf262307b736f1e1fa3efd28d6d5161b', 'Isaac Sanders', 'customer', '0357457629'),
('persimmonjam@gmail.com', 'cf38799cb5e58fe29dc18bc563092d33cf262307b736f1e1fa3efd28d6d5161b', 'Ariana Perry', 'customer', '0234048453'),
('phuc.dangphanminh@hcmut.edu.vn', 'cf38799cb5e58fe29dc18bc563092d33cf262307b736f1e1fa3efd28d6d5161b', 'Đặng Phan Minh Phúc', 'customer', '0123456789'),
('pineapple@gmail.com', 'cf38799cb5e58fe29dc18bc563092d33cf262307b736f1e1fa3efd28d6d5161b', 'Ava Jones', 'customer', '0471212327'),
('pistachiopudding@gmail.com', 'cf38799cb5e58fe29dc18bc563092d33cf262307b736f1e1fa3efd28d6d5161b', 'David Price', 'customer', '0554517838'),
('plumcobbler@gmail.com', 'cf38799cb5e58fe29dc18bc563092d33cf262307b736f1e1fa3efd28d6d5161b', 'Nicholas Richardson', 'customer', '0587635538'),
('popcornball@gmail.com', 'cf38799cb5e58fe29dc18bc563092d33cf262307b736f1e1fa3efd28d6d5161b', 'Ryan Cox', 'customer', '0353120083'),
('potatosalad@gmail.com', 'cf38799cb5e58fe29dc18bc563092d33cf262307b736f1e1fa3efd28d6d5161b', 'Daniel Lopez', 'customer', '0669446971'),
('quinoasalad@gmail.com', 'cf38799cb5e58fe29dc18bc563092d33cf262307b736f1e1fa3efd28d6d5161b', 'Jackson Baker', 'customer', '0899939792'),
('qwfqw@gqwgfqw@gmail.com', 'cf38799cb5e58fe29dc18bc563092d33cf262307b736f1e1fa3efd28d6d5161b', 'Moi Nhat ne', 'customer', '0051053784'),
('raspberry@gmail.com', 'cf38799cb5e58fe29dc18bc563092d33cf262307b736f1e1fa3efd28d6d5161b', 'Elijah Anderson', 'customer', '0752401436'),
('rhubarbjelly@gmail.com', 'cf38799cb5e58fe29dc18bc563092d33cf262307b736f1e1fa3efd28d6d5161b', 'Hunter Marshall', 'customer', '0881672224'),
('ricepaperrolls@gmail.com', 'cf38799cb5e58fe29dc18bc563092d33cf262307b736f1e1fa3efd28d6d5161b', 'Sofia Nelson', 'customer', '0404193655'),
('rockcandy@gmail.com', 'cf38799cb5e58fe29dc18bc563092d33cf262307b736f1e1fa3efd28d6d5161b', 'Caleb Kim', 'customer', '0732021839'),
('sesamecrackers@gmail.com', 'cf38799cb5e58fe29dc18bc563092d33cf262307b736f1e1fa3efd28d6d5161b', 'Sebastian Carter', 'customer', '0983840962'),
('shortbread@gmail.com', 'cf38799cb5e58fe29dc18bc563092d33cf262307b736f1e1fa3efd28d6d5161b', 'Hannah Stewart', 'customer', '0671683027'),
('spinach@gmail.com', 'cf38799cb5e58fe29dc18bc563092d33cf262307b736f1e1fa3efd28d6d5161b', 'Benjamin Hall', 'customer', '0996744695'),
('strawberry@gmail.com', 'cf38799cb5e58fe29dc18bc563092d33cf262307b736f1e1fa3efd28d6d5161b', 'Olivia Williams', 'customer', '0514419209'),
('strawberryjam@gmail.com', 'cf38799cb5e58fe29dc18bc563092d33cf262307b736f1e1fa3efd28d6d5161b', 'Kylie Washington', 'customer', '0682544480'),
('taffycandy@gmail.com', 'cf38799cb5e58fe29dc18bc563092d33cf262307b736f1e1fa3efd28d6d5161b', 'Nathan Reyes', 'customer', '0109784671'),
('tangerinetart@gmail.com', 'cf38799cb5e58fe29dc18bc563092d33cf262307b736f1e1fa3efd28d6d5161b', 'Nova Bell', 'customer', '0317863700'),
('toffeecaramel@gmail.com', 'cf38799cb5e58fe29dc18bc563092d33cf262307b736f1e1fa3efd28d6d5161b', 'Brooklyn Howard', 'customer', '0289074609'),
('tomatosauce@gmail.com', 'cf38799cb5e58fe29dc18bc563092d33cf262307b736f1e1fa3efd28d6d5161b', 'Alexander Rodriguez', 'customer', '0008212704'),
('vanillacupcake@gmail.com', 'cf38799cb5e58fe29dc18bc563092d33cf262307b736f1e1fa3efd28d6d5161b', 'Zoe Phillips', 'customer', '0300084667'),
('walnutcake@gmail.com', 'cf38799cb5e58fe29dc18bc563092d33cf262307b736f1e1fa3efd28d6d5161b', 'Matthew Scott', 'customer', '0303029429'),
('watermelon@gmail.com', 'cf38799cb5e58fe29dc18bc563092d33cf262307b736f1e1fa3efd28d6d5161b', 'Noah Brown', 'customer', '0760236188'),
('wfqwfqwf@gmail.com', 'cf38799cb5e58fe29dc18bc563092d33cf262307b736f1e1fa3efd28d6d5161b', 'SASAS', 'customer', '0871301160'),
('zucchinibread@gmail.com', 'cf38799cb5e58fe29dc18bc563092d33cf262307b736f1e1fa3efd28d6d5161b', 'Henry Green', 'customer', '0488865014');

--
-- Constraints for dumped tables
--

--
-- Constraints for table `bill`
--
ALTER TABLE `bill`
  ADD CONSTRAINT `bill_ibfk_1` FOREIGN KEY (`credit_card_number`) REFERENCES `credit_card` (`card_number`) ON UPDATE CASCADE,
  ADD CONSTRAINT `bill_ibfk_2` FOREIGN KEY (`customer_email`,`AID`) REFERENCES `shipping_address` (`customer_email`, `AID`) ON UPDATE CASCADE;

--
-- Constraints for table `bill_have_product`
--
ALTER TABLE `bill_have_product`
  ADD CONSTRAINT `bill_have_product_ibfk_1` FOREIGN KEY (`BID`) REFERENCES `bill` (`BID`) ON UPDATE CASCADE,
  ADD CONSTRAINT `bill_have_product_ibfk_2` FOREIGN KEY (`PID`,`size`) REFERENCES `product` (`PID`, `size`) ON UPDATE CASCADE;

--
-- Constraints for table `credit_card`
--
ALTER TABLE `credit_card`
  ADD CONSTRAINT `credit_card_ibfk_1` FOREIGN KEY (`customer_email`) REFERENCES `user` (`email`) ON UPDATE CASCADE;

--
-- Constraints for table `customer_add_to_cart_product`
--
ALTER TABLE `customer_add_to_cart_product`
  ADD CONSTRAINT `customer_add_to_cart_product_ibfk_1` FOREIGN KEY (`PID`,`size`) REFERENCES `product` (`PID`, `size`) ON UPDATE CASCADE,
  ADD CONSTRAINT `customer_add_to_cart_product_ibfk_2` FOREIGN KEY (`customer_email`) REFERENCES `user` (`email`) ON UPDATE CASCADE;

--
-- Constraints for table `customer_add_to_favourite_product`
--
ALTER TABLE `customer_add_to_favourite_product`
  ADD CONSTRAINT `customer_add_to_favourite_product_ibfk_1` FOREIGN KEY (`PID`) REFERENCES `product` (`PID`) ON UPDATE CASCADE,
  ADD CONSTRAINT `customer_add_to_favourite_product_ibfk_2` FOREIGN KEY (`customer_email`) REFERENCES `user` (`email`) ON UPDATE CASCADE;

--
-- Constraints for table `product_image_src`
--
ALTER TABLE `product_image_src`
  ADD CONSTRAINT `product_image_src_ibfk_1` FOREIGN KEY (`PID`) REFERENCES `product` (`PID`) ON UPDATE CASCADE;

--
-- Constraints for table `product_similar_to_product`
--
ALTER TABLE `product_similar_to_product`
  ADD CONSTRAINT `product_similar_to_product_ibfk_1` FOREIGN KEY (`PID`) REFERENCES `product` (`PID`) ON UPDATE CASCADE,
  ADD CONSTRAINT `product_similar_to_product_ibfk_2` FOREIGN KEY (`similar_PID`) REFERENCES `product` (`PID`) ON UPDATE CASCADE;

--
-- Constraints for table `review`
--
ALTER TABLE `review`
  ADD CONSTRAINT `review_ibfk_1` FOREIGN KEY (`customer_email`) REFERENCES `user` (`email`) ON UPDATE CASCADE,
  ADD CONSTRAINT `review_ibfk_2` FOREIGN KEY (`PID`) REFERENCES `product` (`PID`) ON UPDATE CASCADE;

--
-- Constraints for table `shipping_address`
--
ALTER TABLE `shipping_address`
  ADD CONSTRAINT `shipping_address_ibfk_1` FOREIGN KEY (`customer_email`) REFERENCES `user` (`email`) ON UPDATE CASCADE;
SET FOREIGN_KEY_CHECKS=1;
COMMIT;

/*!40101 SET CHARACTER_SET_CLIENT=@OLD_CHARACTER_SET_CLIENT */;
/*!40101 SET CHARACTER_SET_RESULTS=@OLD_CHARACTER_SET_RESULTS */;
/*!40101 SET COLLATION_CONNECTION=@OLD_COLLATION_CONNECTION */;
